glottolog_language,geometry_ea
South-Eastern Ju,POINT (21 -20)
Okiek,POINT (36 0)
Nama,POINT (18 -26)
Damara,POINT (16 -22)
Bila,POINT (28 2)
Sandawe,POINT (36 -5)
Naro,POINT (24 -20)
/Xam,POINT (23 -30)
Hadza,POINT (35 -3)
Herero,POINT (16 -21)
Mpondo,POINT (30 -31)
Xesibe,POINT (27.91 -32.89)
Zulu,POINT (31 -29)
Tswana,POINT (27 -24)
Lobedu,POINT (31 -24)
Tswene,POINT (30 -25)
Lengue,POINT (34 -25)
Ndau,POINT (34 -20)
Shona,POINT (31 -19)
Ndonga,POINT (16 -17)
Swati,POINT (32 -27)
Nkhumbi,POINT (15 -15)
Sama,POINT (14 -10)
Bomvana,POINT (28.93 -32.17)
Copi,POINT (34.47 -24.76)
Lozi,POINT (23 -15)
Tsonga,POINT (32 -24)
Umbundu,POINT (16 -12)
Venda,POINT (30 -23)
Nyaneka,POINT (14 -15)
Southern Sotho,POINT (28 -29)
Zimbabwean Ndebele,POINT (28 -20)
Ila,POINT (27 -16)
Chewa,POINT (33 -14)
Luvale,POINT (22 -12)
Chokwe,POINT (21 -10)
Tonga (Nyasa),POINT (34 -12)
San Salvador Kongo,POINT (15 -7)
Mbala,POINT (18 -5)
Tsogo,POINT (12 -1)
Suku,POINT (18 -6)
South-Central Koongo,POINT (14 -5)
Teke-Eboo-Nzikou,POINT (15 -3)
Phende,POINT (20 -6)
Yaka-Pelende-Lonzo,POINT (17 -7)
Mbuun,POINT (19 -5)
Ding,POINT (20 -4)
Lele (Democratic Republic of Congo),POINT (21 -5)
Sakata,POINT (18 -3)
Nsong-Mpiin,POINT (18 -5)
Yansi,POINT (18 -4)
Luchazi,POINT (23 -13)
Luimbi,POINT (18 -12)
Sonde,POINT (19 -7)
Town Bemba,POINT (31 -11)
Tonga (Zambia),POINT (28 -18)
Buyu,POINT (28 -7)
Kaonde,POINT (26 -13)
Lala-Bisa,POINT (31 -15)
Luunda,POINT (29 -10)
Luba-Katanga,POINT (28 -10)
Tumbuka,POINT (34 -12)
Chikunda,POINT (32 -15)
Nuclear Nyanja,POINT (36 -16)
Mwera (Nyasa),POINT (35 -13)
Bushoong,POINT (22 -5)
Sena,POINT (35 -18)
Makonde,POINT (40 -11)
Makhuwa,POINT (39 -15)
Mambwe-Lungu,POINT (32 9)
Lamba,POINT (28 -13)
Lunda,POINT (26 -11)
Yao,POINT (36 -13)
Yombe,POINT (13 -5)
Tanzania-Mozambique Ngoni,POINT (33 -12)
Bajuni,POINT (41 -2)
Shambala,POINT (38 -5)
Bena (Tanzania),POINT (36 -9)
Gusii,POINT (35 -1)
Chiga,POINT (30 -3)
Luguru,POINT (38 -8)
Nyamwanga,POINT (32 -10)
Ngonde,POINT (34 -10)
Safwa,POINT (33 -8)
Bende,POINT (31 -7)
Fipa,POINT (31 -8)
Nyoro,POINT (32 2)
Nyamwezi,POINT (33 -5)
Pimbwe,POINT (31 -7)
Sukuma,POINT (34 -3)
Sangu (Tanzania),POINT (34 -8)
Gogo,POINT (36 -7)
Langi,POINT (36 -5)
Nyaturu,POINT (34 -5)
Kwere,POINT (39 -7)
Zigula,POINT (38.79 -5.84)
Pemba,POINT (39.43 -6.07)
Mochi,POINT (37 -3)
Digo,POINT (39 -4)
Duruma,POINT (39 -4)
Giryama,POINT (40 -3)
Pokomo,POINT (40 -1)
Kamba (Kenya),POINT (38 -2)
Meru,POINT (35 0)
Asu (Tanzania),POINT (38 -4)
Taita,POINT (39 -4)
Kara (Tanzania),POINT (33 -2)
Temi,POINT (36 -3)
Kikuyu,POINT (37 -1)
Idakho-Isukha-Tiriki,POINT (35 0)
Bukusu,POINT (35 1)
Haya,POINT (32 -1)
Kerewe,POINT (33 -3)
Konzo,POINT (30 -1)
Nyankole,POINT (31 0)
Soga,POINT (33 1)
Sumbwa,POINT (32 -4)
Tooro,POINT (31 1)
Zinza,POINT (31 -3)
Mbugwe,POINT (36 -4)
Kagulu,POINT (37 -6)
Ngulu,POINT (38 -6)
Nyakyusa,POINT (34 -9)
Ganda,POINT (32 1)
Hehe,POINT (35 -8)
Masaaba,POINT (34 1)
Amba (Uganda),POINT (30 1)
Kinyarwanda,POINT (30 -2)
Songoora,POINT (26 -4)
Duala,POINT (10 4)
Shi,POINT (29 -2)
Ha,POINT (30 -5)
Hunde,POINT (28 -2)
Luba-Lulua,POINT (23 -6)
Lega-Shabunda,POINT (28 -3)
Songe,POINT (25 -6)
Sanga (Democratic Republic of Congo),POINT (28 -11)
Mokpwe,POINT (9.27 4.22)
Ekonda Mongo,POINT (18 -2)
Yela-Kela,POINT (23 -3)
Kusu,POINT (22 -4)
Ngando-Lalia,POINT (23 -1)
Longo (Democratic Republic of Congo),POINT (22 1)
Tetela,POINT (25 -4)
Poke,POINT (24 0)
Kele-Foma,POINT (25 1)
Kinshasa Lingala,POINT (18 1)
Lusengo,POINT (22 2)
Fang (Equatorial Guinea),POINT (11 1)
Bila,POINT (29 1)
Budu,POINT (28 2)
Komo (Democratic Republic of Congo),POINT (27 -1)
Bali (Democratic Republic of Congo),POINT (27 1)
Bera,POINT (30 1)
Lombi,POINT (28 0)
Mbesa,POINT (23 1)
Budza,POINT (23 3)
Doko (Democratic Republic of Congo),POINT (21 2)
Binja,POINT (20 2)
Nkundo,POINT (20 0)
Njyem,POINT (14 3)
Ndasa,POINT (14 1)
Kwasio,POINT (11 3)
Bomwali,POINT (16 2)
Bube,POINT (8.72 3.54)
Oroko,POINT (9 10)
Myene,POINT (10 -2)
Batanga,POINT (10 2)
Bafia,POINT (11 5)
Mungaka,POINT (10 6)
Fe'fe',POINT (10 5)
Bamun,POINT (11 6)
Tunen,POINT (11 5)
Mmen,POINT (10 7)
Bakoko,POINT (11 4)
Kom (Cameroon),POINT (10 6)
Bandobo,POINT (10 6)
Lamnso',POINT (11 6)
Limbum,POINT (11 6)
Tige,POINT (12 6)
Meta',POINT (10 6)
Luba-Katanga,POINT (26 -8)
Bwa,POINT (25 3)
Rundi,POINT (30 -3)
Bafut,POINT (10 6)
Fon,POINT (2 7)
Igbo,POINT (7 6)
Toma,POINT (-9 11)
Akyem Bosome,POINT (-1 7)
Ebira,POINT (7 8)
Sherbro,POINT (-12.69 7.52)
Liberia Kpelle,POINT (-9 7)
Kenyang,POINT (9 6)
Bokyi,POINT (9 6)
Ejagham,POINT (8 6)
Efik,POINT (8 5)
Northern Kissi,POINT (-10 9)
Ibibio,POINT (8 5)
Kalabari,POINT (6.58 4.37)
Isekiri,POINT (5 6)
Afikpo,POINT (8 6)
Bini,POINT (6 6)
Isoko,POINT (6 5)
Yekhee,POINT (6 7)
Ajiri,POINT (8 8)
Gbari,POINT (10 10)
Idoma,POINT (8 7)
Asante,POINT (-2 7)
Igala,POINT (7 7)
Ashe,POINT (8 18)
Egba,POINT (3 7)
Ekiti,POINT (5 8)
Ijesha,POINT (5 7)
Adangme,POINT (0 6)
Agu (Ewe),POINT (1 7)
Siwu,POINT (0.46 7.22)
Abron,POINT (-2.15 7.53)
Anyin,POINT (-4 7)
Lokaa,POINT (8 6)
Abure,POINT (-3.58 5.27)
Attié,POINT (-4 6)
Fante,POINT (-1 6)
Ga,POINT (0 6)
Alladian,POINT (-4.42 5.22)
Avikam,POINT (-5.25 5.15)
Bakwé,POINT (-7 5)
Western Krahn,POINT (-8 6)
Klao,POINT (-9 5)
Sapo,POINT (-9 6)
Mende (Sierra Leone),POINT (-11 8)
Dan,POINT (-8 8)
Gban,POINT (-6 7)
Guro,POINT (-6 7)
Toura (Côte d'Ivoire),POINT (-7 8)
Bandi,POINT (-10 8)
Gola,POINT (-11 7)
Dan,POINT (-8 7)
Timne,POINT (-12.64 8.46)
Vai,POINT (-11.2 6.89)
Oyo,POINT (4 8)
Daloa Bété,POINT (-7 6)
Nupe-Nupe-Tako,POINT (6 9)
Baoulé,POINT (-5 8)
Bambara,POINT (-7 13)
Konkomba,POINT (0 10)
Lobi,POINT (-4 10)
Nankana,POINT (-1 10)
Kasem,POINT (-1 11)
Mbulungish,POINT (-14 10)
Balanta-Kentohe,POINT (-16 12)
Bainounk-Gujaher,POINT (-16 12)
Biafada,POINT (-15 12)
Kanyaki-Kagbaaga-Kajoko Bidyogo,POINT (-16.15 11.1)
Ejamat,POINT (-16.19 12.88)
Mossi,POINT (-2 13)
Papel,POINT (-16 12)
Bassari-Tanda,POINT (-13 12)
Sereer,POINT (-12 14)
Xaasongaxango,POINT (-11 13)
Kuranko,POINT (-11 9)
Soninke,POINT (10 15)
Susu,POINT (-13 15)
Dyula,POINT (-4 9)
Jenaama Bozo,POINT (-4 14)
Southern Samo,POINT (-3 13)
Bankan Tey Dogon,POINT (-3 15)
Northern Bobo Madaré,POINT (-4 13)
Mamara Senoufo,POINT (-6 12)
Senari,POINT (-6 10)
Dyan,POINT (-3 11)
Dogosé,POINT (-4 11)
Bouna Kulango,POINT (-3 7)
Southern Birifor,POINT (-3 11)
Anlo,POINT (-2 11)
Buli (Ghana),POINT (-2 11)
Central Dagaare,POINT (-3 11)
Talni,POINT (-1 11)
Tumulung Sisaala,POINT (-2 10)
Kusaal,POINT (0 11)
Southern Nuni,POINT (-3 12)
Vagla,POINT (-2 8)
Dagbani,POINT (0 9)
Gourmanchéma,POINT (2 12)
Mampruli,POINT (-1 10)
Mossi,POINT (-2 12)
Ntcham,POINT (1 9)
Kabiyé,POINT (2 10)
Southern Birifor,POINT (-3 10)
Moba,POINT (1 11)
Ditammari,POINT (1 11)
Tem,POINT (1 11)
Bissa,POINT (0 12)
Yalunka,POINT (-12 10)
Pular,POINT (-13 11)
Tiéyaxo Bozo,POINT (-5 14)
Wamey,POINT (-13 13)
Kita Maninkakan,POINT (-9 11)
Katab,POINT (8 10)
Atsam,POINT (9 10)
Basa (Nigeria),POINT (8 8)
Basa (Nigeria),POINT (7 8)
C'lela,POINT (5 12)
Yara,POINT (6 11)
Reshe,POINT (5 11)
Ngas,POINT (9 9)
Berom,POINT (9 10)
Boghom,POINT (10 10)
Kadara,POINT (8 10)
Jukun Takum,POINT (10 8)
Kagoro (Nigeria),POINT (8 10)
Kurama,POINT (9 10)
Tarok,POINT (10 9)
Jibu,POINT (11 8)
Etkywan,POINT (10 7)
Tigon Mbembe,POINT (11 17)
Ndoola,POINT (11 7)
Bitare,POINT (11 7)
Samba Leko,POINT (11 8)
Sama Mum,POINT (11 8)
Tiv,POINT (9 7)
Longuda,POINT (12 10)
Mumuye,POINT (12 9)
Mom Jango,POINT (13 9)
Bena (Nigeria),POINT (12 10)
Bata,POINT (13 10)
Bura-Pabir,POINT (12 10)
Gude,POINT (13 10)
Hwana,POINT (13 10)
Psikye,POINT (14 11)
Parkwa,POINT (14 11)
Donga Mambila,POINT (12 7)
Marghi Central,POINT (13 11)
Gbiri-Niragu,POINT (8 10)
Mafa,POINT (14 11)
Vute,POINT (12 6)
Iguta,POINT (9 10)
West Central Banda,POINT (22 7)
Otoro,POINT (31 12)
Nuclear Mangbetu,POINT (28 3)
South Fali,POINT (14 10)
Laka (Chad),POINT (16 8)
Mbum,POINT (14 7)
Mundang,POINT (14 10)
Doyayo,POINT (13 9)
South Giziga,POINT (14 10)
Lagwan,POINT (15 12)
Musgu,POINT (15 11)
Ko,POINT (31 11)
Tupuri,POINT (15 10)
Bagirmi,POINT (17 11)
Sar,POINT (18 9)
Ngbaka Ma'bo,POINT (19 3)
Manza,POINT (18 6)
Mbandja,POINT (21 4)
Northern Ngbandi,POINT (22 4)
Barambu,POINT (27 4)
Popoi,POINT (26 2)
Lendu,POINT (30 2)
Zande,POINT (27 5)
Lese,POINT (29 2)
Logo,POINT (30 3)
Lugbara,POINT (32 3)
Ma'di,POINT (32 4)
Moru,POINT (30 5)
Bongo,POINT (29 7)
Luwo,POINT (28 8)
Koalib-Rere,POINT (31 12)
Krongo,POINT (30 10)
Ngile,POINT (30 11)
Gaam,POINT (34 11)
Moro,POINT (30 11)
Tira,POINT (30 11)
Tulishi,POINT (29 12)
Ama (Sudan),POINT (29 12)
Anuak,POINT (34 8)
Mabaan,POINT (34 10)
Komo (Sudan-Ethiopia),POINT (35 9)
Hozo,POINT (35 9)
Mamvu,POINT (29 3)
Shilluk,POINT (32 10)
Northwest Gbaya,POINT (16 6)
Dilling,POINT (30 12)
Masana,POINT (16 10)
Teso,POINT (34 2)
Dhopaluo,POINT (32 3)
Southwestern Dinka,POINT (29 9)
Otuho,POINT (33 4)
Pöjulu,POINT (31 4)
Kakwa,POINT (31 4)
Kuku,POINT (32 4)
Mandari,POINT (31 6)
Alur,POINT (31 2)
Me'en,POINT (35 5)
Didinga,POINT (34 4)
Masai,POINT (36 -2)
Tirma-Chai,POINT (35 6)
Jie,POINT (34 3)
Labwor,POINT (34 3)
East Pokot,POINT (36 1)
Toposa,POINT (34 5)
Keiyo,POINT (36 0)
West Pokot,POINT (36 1)
Kupsabiny,POINT (35 1)
Barabayiiga-Gisamjanga,POINT (35 -5)
Samburu,POINT (37 1)
Nuer,POINT (32 8)
Nuclear Karamojong,POINT (34 2)
Päri,POINT (33 5)
Lango (Uganda),POINT (33 2)
Turkana,POINT (35 4)
Luo (Kenya and Tanzania),POINT (34 -1)
Nandi,POINT (35 0)
Ligo,POINT (32 5)
Kipsigis,POINT (36 -1)
Western Penan,POINT (114 3)
Veddah,POINT (81.19 8.59)
Worrorra,POINT (124.72 -15.32)
Kitja,POINT (127.83 -16.91)
Lardil,POINT (139.32 -16.48)
Kayardild,POINT (139.03 -16.94)
Karadjeri,POINT (121.68 -18.94)
Mamu,POINT (145.84 -17.64)
Kariyarra,POINT (118.27 -20.88)
Warrongo,POINT (145.61 -18.41)
Jaru,POINT (130 -19.16)
Warlpiri,POINT (130.57 -20)
Malapandaram,POINT (77.25 9.25)
Ngadjan,POINT (145.56 -17.36)
Martu Wangka,POINT (125.06 -22.79)
Wanman,POINT (127.18 -22.93)
Pintupi-Luritja,POINT (129.44 -22.86)
Wakawaka,POINT (153.02 -27.27)
Yagara-Jandai,POINT (152.87 -27.25)
Karruwali,POINT (141.64 -24.41)
Alyawarr,POINT (135.17 -22.27)
Ngaanyatjarra,POINT (127.27 -25.32)
Middle Clarence Bandjalang,POINT (152.78 -29.59)
Casiguran-Nagtipunan Agta,POINT (122.13 17.33)
Pitjantjatjara,POINT (130 -26)
Dieri,POINT (139.09 -28.54)
Lower Southern Aranda,POINT (135.52 -26.09)
Yankunytjatjara,POINT (131.95 -27)
Eastern Arrernte,POINT (133.76 -23.7)
Yuwaalaraay-Gamilaraay,POINT (147.25 -29.3)
Pitjantjatjara,POINT (128.19 -27.31)
Antakarinya,POINT (131.81 -30.38)
Paakantyi,POINT (142.25 -32.4)
Kaurna,POINT (138.4 -34.56)
Agta-Pahanan,POINT (122.05 17.48)
Ngiyambaa,POINT (146.09 -32.14)
Narrinyeri,POINT (139.29 -35.06)
Ngadjunmaya,POINT (117.81 -34.95)
Djabwurrung,POINT (141.38 -35.86)
Woiwurrung-Thagungwurrung,POINT (145.23 -38.48)
Ganai,POINT (147.42 -37.59)
South-Eastern-Tasmanian-Hinterland,POINT (147.49 -42.62)
Port Sorell,POINT (145.21 -41.38)
Central Cagayan Agta,POINT (121.8 17.82)
Seri,POINT (-112.18 29.59)
Cahuilla,POINT (-116.24 33.59)
Cupeño,POINT (-116.59 33.26)
Kiliwa,POINT (-115.25 31.44)
Tipai,POINT (-116.49 32.44)
Valley Yokuts,POINT (-119.83 36)
Serrano,POINT (-117 34.52)
Chenchu,POINT (78.97 16.25)
Luiseno-Juaneño,POINT (-117.3 33.42)
Tule-Kaweah Yokuts,POINT (-118.96 36.45)
Tübatulabal,POINT (-118.32 36)
Nomlaki,POINT (-122.56 40)
Northern Hill/Valley Yokuts,POINT (-120.44 37.44)
Patwin,POINT (-122.05 39.08)
Tongva,POINT (-118 34)
Mono (USA),POINT (-117.08 36.6)
Eastern Pomo,POINT (-122.94 39.03)
Eastern Pomo,POINT (-122.94 39.12)
Mlabri,POINT (100.47 18.41)
Nuclear Wintu,POINT (-122.35 40.9)
Cruzeño,POINT (-119.6 34.63)
Chimariko,POINT (-123.3 40.85)
Nisenan,POINT (-121.15 39.03)
Salinan,POINT (-120.84 35.47)
Kashaya,POINT (-122.88 38.54)
Eel River Athabaskan,POINT (-123.96 40.1)
Eel River Athabaskan,POINT (-123.16 40.18)
Coast Miwok,POINT (-122.88 38.24)
Mattole-Bear River,POINT (-124.04 40.17)
Paliyan,POINT (77.5 9.75)
Lake Miwok,POINT (-122.48 38.79)
Northern Yukian,POINT (-123.15 39.7)
Wappo,POINT (-122.54 38.59)
Northern Pomo,POINT (-123.29 39.34)
Yana,POINT (-122.89 40.38)
Central Sierra Miwok,POINT (-119.77 38)
Takelma,POINT (-123.48 42.44)
Northern Yukian,POINT (-123.74 39.64)
Tolowa-Chetco,POINT (-123.92 41.87)
Shasta,POINT (-122.7 41.62)
Birhor,POINT (84.38 23.41)
Hupa-Chilula,POINT (-123.61 40.93)
Tututni,POINT (-124.04 42.61)
Karuk,POINT (-123.47 41.58)
Atsugewi,POINT (-121.12 40.75)
Wiyot,POINT (-124.14 40.75)
Northeast Maidu,POINT (-120.56 40.28)
Yurok,POINT (-123.89 41.4)
Achumawi,POINT (-121.19 41.32)
Klamath-Modoc,POINT (-121.31 42)
Klamath-Modoc,POINT (-121.5 42.62)
Kadar,POINT (77.17 10.25)
Guaicurian,POINT (-111.54 25)
Chichimeca-Jonaz,POINT (-100 22)
Panamint,POINT (-116.81 36.52)
Karankawa,POINT (-96.91 28.44)
Coahuilteco,POINT (-102.07 26)
Panamint,POINT (-117.33 36.37)
Yavapai,POINT (-110.5 33.37)
Panamint,POINT (-117.7 36.12)
Walapai,POINT (-114.5 35.95)
Kawaiisu,POINT (-118 35.37)
Batak,POINT (119.09 10.03)
Jennu Kurumba,POINT (76.4 10.18)
Panamint,POINT (-117.79 36.65)
Ute,POINT (-110.72 37.86)
Mono (USA),POINT (-118.18 36.88)
Western Shoshoni,POINT (-116.45 37.92)
Southern Paiute,POINT (-112.55 36.9)
South Northern Paiute,POINT (-118.45 38.11)
Mono (USA),POINT (-118 37.28)
Northern Shoshoni,POINT (-115.3 42.94)
South Northern Paiute,POINT (-119.6 40)
Ute,POINT (-111.81 40.22)
Jennu Kurumba,POINT (77.21 11.9)
South Northern Paiute,POINT (-118.37 40.12)
Mono (USA),POINT (-118.14 37.69)
South Northern Paiute,POINT (-120.44 40.27)
Northern Shoshoni,POINT (-112.22 41.55)
Gosiute,POINT (-114 39.88)
Western Shoshoni,POINT (-114.48 39.19)
Western Shoshoni,POINT (-117.31 41)
Western Shoshoni,POINT (-115.78 38.33)
Western Shoshoni,POINT (-117.32 39.25)
Mono (USA),POINT (-119.07 37)
Hokkaido Ainu,POINT (144.17 44.01)
Western Shoshoni,POINT (-113.94 41.59)
Ute,POINT (-109 37.67)
North Northern Paiute,POINT (-120.49 43.94)
Western Shoshoni,POINT (-114.24 40.19)
Washo,POINT (-119.82 39.08)
North Northern Paiute,POINT (-120.06 41.5)
Northern Shoshoni,POINT (-108.86 43.19)
Western Shoshoni,POINT (-115.39 40.36)
Northern Shoshoni,POINT (-112 43)
Oroqen,POINT (122.5 51.91)
Ute,POINT (-110.22 40.47)
North Northern Paiute,POINT (-119.14 43.25)
Northern Shoshoni,POINT (-113.84 45.17)
Western Shoshoni,POINT (-115.84 39.33)
Ute,POINT (-107.8 38.14)
Ket,POINT (90 62)
Lipan Apache,POINT (-98.48 28.96)
Comanche,POINT (-100.5 36.83)
Mescalero-Chiricahua Apache,POINT (-101.76 32.52)
Kiowa,POINT (-99.1 36.9)
Kiowa Apache,POINT (-98.9 35.83)
Cheyenne,POINT (-102.35 38.83)
Arapaho,POINT (-102.72 40.13)
Crow,POINT (-108.48 45.83)
Lakota,POINT (-102.27 44.5)
Amur Nivkh,POINT (140 51.54)
Kutenai,POINT (-114.08 47.48)
Bannock,POINT (-112.32 43.66)
Gros Ventre,POINT (-105.6 48.12)
Western Ojibwa,POINT (-97.25 47.6)
Piegan,POINT (-111.21 49.34)
Piegan,POINT (-110.76 51.01)
Assiniboine,POINT (-102.43 49.49)
Plains Cree,POINT (-102.67 51.86)
Blood,POINT (-113.86 52.79)
Northern Yukaghir,POINT (145 70)
Sarsi,POINT (-111.04 53.15)
Squamish,POINT (-123.19 49.77)
Alsea-Yaquina,POINT (-123.84 44.42)
Nganasan,POINT (90 73.83)
Southern Puget Sound Salish,POINT (-122.04 47.11)
Twana,POINT (-123.16 47.55)
Lower Chehalis,POINT (-123.67 46.87)
Nuu-chah-nulth,POINT (-125.74 49.34)
Clatsop-Shoalwater Chinook,POINT (-123.75 46.06)
Hanis,POINT (-124.11 43.43)
Lillooet,POINT (-123 50.46)
Lummi,POINT (-122.34 48.84)
Quinault,POINT (-123.82 47.38)
Chiliwack,POINT (-122.7 49.23)
Central Siberian Yupik,POINT (-170.08 65.96)
Cowichan,POINT (-123.64 48.41)
Tillamook,POINT (-123.82 45.4)
Island Comox,POINT (-125.5 50)
Bella Bella,POINT (-127.87 52.87)
Quileute,POINT (-124.14 47.77)
Clallam,POINT (-123.55 47.95)
Makah,POINT (-124.58 48.22)
Haisla,POINT (-128.42 53.5)
Kwak'wala,POINT (-126.67 50.42)
Southern-Coastal Tsimshian,POINT (-129.58 54)
Northern Haida,POINT (-132.29 53.54)
Bella Coola,POINT (-126.58 52.32)
Tlingit,POINT (-133.59 57)
Gitxsan,POINT (-128.06 55.65)
Koniag,POINT (-153.16 57.93)
Eyak,POINT (-144 60.48)
General Central Yup'ik,POINT (-161.55 61.01)
Chugach,POINT (-147.61 61.21)
Eastern Aleut,POINT (-162.85 55)
General Central Yup'ik,POINT (-166.3 60.03)
Kubu,POINT (102.69 -3.04)
Tenino,POINT (-120.45 45.59)
Umatilla,POINT (-119.94 45.49)
Wenatchi,POINT (-120.31 47.41)
Nuclear Yakima,POINT (-120.27 46.33)
Upper Chinook,POINT (-121.13 45.72)
Coeur d'Alene,POINT (-116.34 47.42)
Southern Okanogan,POINT (-119.56 48.78)
Southern Okanogan,POINT (-119.63 49.46)
Sanpoil,POINT (-118.44 47.94)
Nez Perce,POINT (-116.46 46.25)
Thompson,POINT (-121.75 51.26)
Kalispel,POINT (-115.67 47.94)
Eastern Ojibwa,POINT (-85.1 45.21)
Upper Michigan-Wisconsin Chippewa,POINT (-91 45)
Mi'kmaq,POINT (-65 46.99)
Kalispel,POINT (-113.26 46.28)
Rainy River Ojibwa,POINT (-85.1 45.21)
Albany River Ojibwa,POINT (-96.78 52.28)
Shuswap,POINT (-119.53 53.41)
Lac Seul Ojibwa,POINT (-93.85 51.84)
Severn River Ojibwa,POINT (-90.62 52.71)
Southern Carrier,POINT (-124.02 51.32)
Central Ojibwa,POINT (-88.31 49.34)
Southern East Cree,POINT (-72.66 51.75)
Winisk River Ojibwa,POINT (-83.1 51.22)
Southern East Cree,POINT (-76.64 49.78)
Severn River Ojibwa,POINT (-90.64 52.79)
Montagnais,POINT (-63.33 52.42)
Sekani,POINT (-120 56.14)
Beaver,POINT (-115.76 58.51)
South Slavey,POINT (-119.5 61.15)
Kaska,POINT (-125 59.73)
Tahltan,POINT (-127.85 57.66)
Chilcotin-Nicola,POINT (-124 51.68)
Central Carrier,POINT (-123.15 53.33)
Paraujano,POINT (-72.41 9.9)
North Slavey,POINT (-125.37 63.68)
Han,POINT (-141.2 64.79)
North Slavey,POINT (-125 67.47)
Swampy Cree,POINT (-83.88 53.62)
Koyukon,POINT (-153.78 66.52)
Chipewyan,POINT (-106.19 59.47)
Gwich'in,POINT (-135.23 65.94)
Degexit'an,POINT (-157.75 61.82)
North Slavey,POINT (-122.89 65.75)
Upper Tanana,POINT (-143.12 63.44)
Ninam,POINT (-66.17 3.86)
Southern East Cree,POINT (-77.81 51.08)
Dogrib,POINT (-115.61 63.85)
Dena'ina,POINT (-150.45 61.74)
Northern Tutchone,POINT (-138.21 61.24)
Holikachuk,POINT (-157.54 63.33)
Naskapi,POINT (-68.92 56.19)
General Central Yup'ik,POINT (-160.75 63.98)
Akurio,POINT (-55 3)
Kobuk River Inupiatun,POINT (-156.94 66.95)
Kotzebue Sound Inupiatun,POINT (-161.53 66.77)
North Labrador Eskimo,POINT (-62.32 57.83)
Nunavik,POINT (-77.69 55.32)
Kivalliq,POINT (-96.2 64.33)
Seward Alaska Inupiatun,POINT (-160 68.09)
North Slope Inupiatun,POINT (-151.71 68.18)
Siglitun,POINT (-132.08 69.67)
Central Siberian Yupik,POINT (-170.31 63.49)
Pumé,POINT (-68.77 6.85)
North Slope Inupiatun,POINT (-166.21 68.41)
Inuinnaqtun,POINT (-106.61 68.58)
Natsilingmiutut,POINT (-95.08 66.99)
Kivalliq,POINT (-88.12 65.16)
Western Canadian Inuktitut,POINT (-81.51 69.45)
Kalaallisut,POINT (-50.21 69.31)
North Baffin Inuktitut,POINT (-64.65 65.21)
Natsilingmiutut,POINT (-94.93 71.46)
Tunumiisiut,POINT (-37.64 65.64)
North Slope Inupiatun,POINT (-156.78 71.24)
Sikuani,POINT (-68.31 5.38)
Polar Eskimo,POINT (-69.5 77.53)
Shom Peng,POINT (93.77 7)
Nukak Makú,POINT (-71.81 2.56)
Bororo,POINT (-55 -16)
Guató,POINT (-57.5 -18)
Sirionó,POINT (-63.58 -15)
Yuqui,POINT (-64.97 -16.46)
Southern Nambikuára,POINT (-59.55 -12.73)
Calusa,POINT (-81.96 26.48)
Aché,POINT (-55.38 -25.7)
Borum,POINT (-41.86 -18.71)
Xetá,POINT (-53.68 -23.52)
Önge,POINT (92.47 10.7)
Xokleng,POINT (-50 -28)
Tehuelche,POINT (-68.7 -46)
Chono,POINT (-73.83 -45)
Qawasqar,POINT (-74.52 -49.55)
Selk'nam,POINT (-68.62 -53.9)
Yámana,POINT (-68.98 -55.02)
Jarawa (India),POINT (92.65 12.17)
Basese,POINT (17 2)
Beka,POINT (17.76 3.58)
Holoholo,POINT (28.26 -6.64)
Baka (Cameroon),POINT (15.31 2.39)
Efe,POINT (27.64 2.7)
Bila,POINT (28.61 1.54)
Masikoro Malagasy,POINT (43.81 -22.32)
Kxoe,POINT (24.32 -16.93)
Hai//om-Akhoe,POINT (16.12 -18.65)
Hadza,POINT (35.32 -3.82)
Botolan Sambal,POINT (120.33 15.5)
Northern Ju,POINT (19.53 -16.42)
South-Eastern Ju,POINT (21.18 -20)
Naro,POINT (21.61 -21.64)
/Gwi,POINT (23.39 -22.46)
Southern Tshwa,POINT (24.41 -22.88)
East Taa,POINT (22.2 -23.86)
Ghaap-Kalahari,POINT (19.82 -27.37)
//Xegwi,POINT (30.23 -26.28)
/Xam,POINT (19.77 -31.47)
Akabea,POINT (92.89 13.32)
Kala Lagaw Ya,POINT (142.15 -10.73)
Laragia,POINT (130.79 -12.6)
Bininj Kun-Wok,POINT (134.12 -12.43)
Djinba,POINT (135.2 -12.31)
Gun-narta,POINT (134.73 -12.2)
Gun-narda,POINT (134.4 -12.18)
Dhuwal,POINT (135.84 -12.93)
Wunambal,POINT (128.19 -15.55)
Kensiu,POINT (101 5.86)
Wik-Mungkan,POINT (142 -13.47)
Gaagudju,POINT (132.95 -13.13)
Wubuy,POINT (135.98 -13.76)
Yintyinka-Ayabadhu,POINT (143.5 -14)
Jir'jorond,POINT (142.17 -15)
Tiwi,POINT (130.87 -11.59)
Kuku-Yalanji,POINT (145.32 -15.92)
Anindilyakwa,POINT (136.62 -14)
Flinders Island,POINT (144.22 -14.34)
Mullukmulluk,POINT (130.58 -13.58)
Konso,POINT (37 6)
Northern Somali,POINT (43 10)
Borana-Arsi-Guji Oromo,POINT (40 8)
West Central Oromo,POINT (37 8)
West Central Oromo,POINT (37 9)
Burji,POINT (38 5)
Gedeo,POINT (38 6)
Sidamo,POINT (38 7)
Tsamai,POINT (37 5)
Arbore,POINT (37 5)
Hamer-Banna,POINT (36 6)
Northern Somali,POINT (48 8)
Daasanach,POINT (36 5)
Hamer-Banna,POINT (36 5)
Male (Ethiopia),POINT (37 6)
Aari,POINT (37 6)
Dime,POINT (36 6)
Anfillo,POINT (35 9)
Basketo,POINT (37 6)
Toba (Ethiopia),POINT (38 8)
Tigrinya,POINT (39 14)
Kafa,POINT (36 7)
Qimant,POINT (37 12)
Nara,POINT (38 16)
Kunama,POINT (37 15)
Ababda,POINT (34 24)
Amara (Beja),POINT (36 20)
Mansa',POINT (38 18)
Bilin,POINT (36 16)
Mansa',POINT (39 17)
Iraqw,POINT (35 -4)
Koorete,POINT (38 6)
Dorze,POINT (38 6)
Sheko,POINT (36 7)
Hadendoa,POINT (36 18)
Bisharin,POINT (35 20)
Afar,POINT (42 12)
Amharic,POINT (38 13)
Sebat Bet Gurage,POINT (38 8)
Gorowa,POINT (36 -4)
Latin,POINT (12.5 41.9)
Batakic,POINT (98.5 2)
Mru,POINT (92.32 21.47)
Mangareva,POINT (-134.97 -23.12)
Creek,POINT (-84 33)
Ao Naga,POINT (94 27)
Classical Sanskrit,POINT (85.1 25.6)
East Futuna,POINT (-178.11 -14.31)
Masai,POINT (36.75 -3.5)
Seneca,POINT (-77 43)
Nuu-chah-nulth,POINT (-125.85 49.16)
Mandan,POINT (-101 47)
Island Carib,POINT (-61.27 15.41)
Kilivila,POINT (151 -8.6)
Southern Kiwai,POINT (143 -9)
Egyptian (Ancient),POINT (31 30)
Malaita,POINT (161 -9)
Navajo,POINT (-110 36.5)
Agusan Manobo,POINT (126 8)
Atayal,POINT (121 24)
Toda,POINT (77 12)
Tolowa-Chetco,POINT (-124 42)
Ionic-Attic Ancient Greek,POINT (23.7 38)
Omaha,POINT (-96 41)
Unami,POINT (-75 41)
Tupinambá,POINT (-42.11 -22.81)
Cha'palaa,POINT (-79 1)
Kutenai,POINT (-117 50)
Tehuelche,POINT (-70 -46)
Abipon,POINT (-61 -29)
Tupi-Guarani Subgroup I.A,POINT (-56.5 -23.5)
Piegan,POINT (-112 51)
Old Norse,POINT (11.1 59)
Ticuna,POINT (-70 -3)
Kuikúro-Kalapálo,POINT (-54 -13)
Cubeo,POINT (-71 1)
Havasupai,POINT (-112 36)
Botolan Sambal,POINT (120.16 15.23)
Yanomamö,POINT (-65 2)
Xavánte,POINT (-52 -14)
Murato,POINT (-59 5)
Chippewa,POINT (-94.27 47.35)
Enlhet Norte,POINT (-59 -23)
Karankawa,POINT (-96 29)
Dhuwal,POINT (135.96 -12.48)
Tunumiisiut,POINT (-37 66)
Amahuaca,POINT (-72 -10)
Akabea,POINT (93 12)
Veddah,POINT (81 8)
Kensiu,POINT (101 5)
Sirionó,POINT (-64 -16)
Tahitian,POINT (-149.54 -17.71)
Selk'nam,POINT (-69 -54)
Port Sorell,POINT (146 -42)
Qawasqar,POINT (-74 -52)
Woleaian,POINT (143.04 6.69)
Clallam,POINT (-123 48)
Seri,POINT (-112 29)
Chipewyan,POINT (-105 60)
Kano,POINT (10 12)
Karekare,POINT (11 12)
Midob,POINT (27 16)
North Kordofan Arabic,POINT (32 13)
North Kordofan Arabic,POINT (25 11)
Batha,POINT (20 11)
Tama (Chad),POINT (28 11)
Chari-Baguirmi,POINT (15 13)
Fur,POINT (24 12)
Kanembu,POINT (14 14)
Central Kanuri,POINT (13 12)
Wolof,POINT (-17 15)
Zarma,POINT (3 13)
Adamawa Fulfulde,POINT (13 8)
Western Niger Fulfulde,POINT (0 14)
Pulaar,POINT (-14.32 14.73)
Bororo of Kano and Zaria,POINT (12 12)
Arewa,POINT (8 14)
Hausa,POINT (8 11)
Bacama,POINT (12 10)
Dera (Nigeria),POINT (12 10)
Ngizim,POINT (10 12)
Koyraboro Senni Songhai,POINT (-1 17)
Khartoum,POINT (32 14)
Buduma,POINT (15 13)
Tera,POINT (12 11)
Bole,POINT (11 11)
Bororo of Kano and Zaria,POINT (5 13)
Kano,POINT (9 12)
Hassaniyya,POINT (-13 22)
Tayart Tamajeq,POINT (8 18)
Ghat,POINT (10 25)
Tadhaq,POINT (2 20)
Timbuktu,POINT (0 16)
Dazaga,POINT (18 17)
Sus-Agadir,POINT (-7 31)
Algiers,POINT (3 32)
Hassaniyya,POINT (-15 22)
Hassaniyya,POINT (-1 19)
Hassaniyya,POINT (-15 18)
Tedaga,POINT (17 21)
Zenaga,POINT (-8 18)
Siwi,POINT (26 29)
Tumzabt,POINT (4 33)
Timbuktu,POINT (-3 18)
North Kordofan Arabic,POINT (31 17)
Hassaniyya,POINT (-5 20)
Ioullemmeden,POINT (2 8)
Hoggar,POINT (6 23)
Abkhaz,POINT (41.16 43.06)
Acoli,POINT (32.51 3.58)
Afar,POINT (41.81 12.23)
Hokkaido Ainu,POINT (142.46 43.63)
Akan,POINT (-1.33 6.35)
Albanian,POINT (20.79 41)
Alur,POINT (31 2.36)
Amanab,POINT (141.18 -3.52)
Latin American Spanish,POINT (-1.12 40.44)
Amharic,POINT (39.54 11.71)
Amis,POINT (121.35 23.09)
Angami Naga,POINT (93.87 25.68)
Antankarana Malagasy,POINT (49.24 -13.22)
Antigua and Barbuda Creole English,POINT (-61.82 17.07)
Arabic,POINT (33.49 28.51)
Arhuaco,POINT (-73.64 10.7)
Aromanian,POINT (21.2 40.62)
Atayal,POINT (121.39 24.52)
Atlas Berber,POINT (-4.93 32.48)
Aushi,POINT (29.02 -11.63)
Ayacucho Quechua,POINT (-74.32 -13.85)
Baeggu,POINT (160.77 -8.49)
Bafut,POINT (10.12 6.14)
Baic,POINT (99.83 26.38)
Balinese,POINT (115.08 -8.36)
Bambenzele,POINT (17.27 3.65)
Bantu A-B10-B20-B30,POINT (11.91 2.04)
Bardi,POINT (122.91 -16.63)
Basque,POINT (-1.32 43.28)
Bavarian,POINT (13.25 47.92)
Beja,POINT (36.67 17.24)
Bemba (Zambia),POINT (29.3 -10.61)
Bengali,POINT (90 24)
Bhojpuri,POINT (84.82 26.46)
Bila,POINT (28.76 1.17)
Bororo,POINT (-55.2 -16.6)
Bosnian Standard,POINT (17.05 43.86)
Bukharic,POINT (64 41)
Bulgarian,POINT (25.05 43.36)
Bulu (Cameroon),POINT (11.64 3.16)
Bunun,POINT (121.03 23.41)
Burushaski,POINT (74.82 36.22)
Calabrian Albanian,POINT (16.72 38.91)
Cayuga,POINT (-76.6 42.41)
Central Kurdish,POINT (45.81 35.65)
Central-Eastern Niger Fulfulde,POINT (8.43 15.09)
Central Okinawan,POINT (127.78 26.15)
Central Alaskan Yupik,POINT (-161.49 60.31)
Central Tarahumara,POINT (-107.15 27.56)
Central Aymara,POINT (-68.5 -17)
Central Moroccan Berber,POINT (-2.41 32.74)
Central Sudanic,POINT (27.95 4.29)
Cha'palaa,POINT (-79.05 0.71)
Chadian Arabic,POINT (13.5 14.67)
Chakma,POINT (92.34 23)
Cherokee,POINT (-83.16 35.47)
Cheyenne,POINT (-106.66 45.53)
Chiga,POINT (29.91 -1.04)
Chocoan,POINT (-76.96 6.73)
Chokwe,POINT (21.4 -9.66)
Chukchi,POINT (170.04 68.64)
Chuukese,POINT (151.6 7.35)
Cocama-Cocamilla,POINT (-74 -4.5)
Cogui,POINT (-73.8 10.95)
Cree,POINT (-91.27 53.34)
Croatian Standard,POINT (15.98 45.55)
Cusco Quechua,POINT (-71.77 -14.09)
Czech,POINT (15.1 49.87)
Dakota,POINT (-96.58 45.86)
Damara,POINT (17.98 -25.07)
Danish,POINT (9.36 54.87)
Dari,POINT (67.36 31.04)
Dhuwal,POINT (136.01 -12.78)
Dizin,POINT (35.58 6.14)
Djapu,POINT (136.42 -12.88)
Dominican Spanish,POINT (-1.12 40.44)
Dravidian,POINT (79.46 22)
Duma (Karanga),POINT (29.76 -17.21)
Duma,POINT (13 -0.92)
Dutch,POINT (5 52)
Eastern Canadian Inuktitut,POINT (-75.61 62.17)
Ecuadorian Quechua A,POINT (-78.5 -1.03)
Eipomek,POINT (140.04 -4.34)
El Nayar Cora,POINT (-104.47 22.41)
Emiliano-Romagnolo,POINT (11.65 44.29)
Estonian,POINT (25.82 58.55)
Evenki,POINT (94.69 61.97)
Ewe,POINT (0.81 6.46)
Fang (Equatorial Guinea),POINT (11.61 1.72)
Fataleka,POINT (160.86 -8.59)
Fijian,POINT (178.33 -18)
Finnish,POINT (25.56 64.76)
Galibi Carib,POINT (-56.83 5.84)
Ganda,POINT (32.15 0.67)
Garifuna,POINT (-86.91 15.35)
Garo,POINT (90.46 25.3)
Gheg Albanian,POINT (21.38 42.32)
Gilbertese,POINT (173.64 0.18)
Amur Nivkh,POINT (140.68 52.59)
Gourara,POINT (0.02 29.11)
Greenlandic Inuit,POINT (-45.25 67.49)
Grenadian Creole English,POINT (-61.7 12.01)
Guadeloupe-Martinique Creole French,POINT (-61.41 16.3)
Kotiria,POINT (-69.57 1.08)
Central Guerrero Nahuatl,POINT (-99 17.86)
Gugubera,POINT (141.63 -15.43)
Gujarati,POINT (71.1 22.69)
Gulf Arabic,POINT (47.5 30.17)
Bininj Kun-Wok,POINT (133.36 -12.34)
Hadrami Arabic,POINT (48.65 15.45)
Haida,POINT (-132.04 53.63)
Haitian,POINT (-72.14 18.8)
Hanunoo,POINT (121.22 12.42)
Hassaniyya,POINT (-14.11 18.29)
Havasupai-Walapai-Yavapai,POINT (-113.39 35.63)
Hawaiian,POINT (-155.43 19.63)
Herero,POINT (20.57 -21.02)
Himachali,POINT (77.14 31.41)
Hindi,POINT (77 25)
Hopi,POINT (-110.53 35.77)
Huautla Mazatec,POINT (-96.72 18.26)
Huichol,POINT (-104.06 21.95)
Hungarian,POINT (19.66 46.91)
Icelandic,POINT (-19.02 63.48)
Standard Indonesian,POINT (109.72 -7.33)
Indonesian Bajau,POINT (122.25 -3.69)
Irish English,POINT (-1 53)
Italian,POINT (12.65 43.05)
Iu Mien,POINT (101.17 20.83)
Iwaidja,POINT (132.45 -11.34)
Ixil,POINT (-90.89 15.46)
Jamaican Creole English,POINT (-77.26 18.13)
Jambi Malay,POINT (103.13 -2.65)
Jaunsari,POINT (77.91 30.56)
Javanese,POINT (109.29 -7)
Jehai,POINT (101.54 5.64)
Chicham,POINT (-77.8 -4.29)
Jola-Fonyi,POINT (-15.74 12.76)
South-Eastern Ju,POINT (20.77 -19.69)
Jurúna,POINT (-53.35 -10.94)
Kabikabi,POINT (153.15 -25.44)
Kachchi,POINT (69 23.83)
Kaingang,POINT (-52.54 -27.77)
Kala Lagaw Ya,POINT (142.2 -10.67)
Kalispel-Pend d'Oreille,POINT (-114.19 47.58)
Kamayurá,POINT (-53.47 -12.27)
Central-East Sumbanese,POINT (119.77 -9.65)
Katukína-Kanamarí,POINT (-68.77 -6.45)
Kara-Kalpak,POINT (63.32 39.98)
Karamojong,POINT (34.28 2.45)
Karanga,POINT (20.64 13.17)
Karajá,POINT (-50.35 -11.19)
Kashubian,POINT (18.62 54.3)
Kaulong,POINT (149.7 -6.08)
Kayapó,POINT (-51.67 -7.77)
Kazakh,POINT (71.45 51.17)
Kekchí,POINT (-89.25 15.38)
Kelabit,POINT (115.43 3.32)
Kemak,POINT (125.16 -9)
Kemi Saami,POINT (27.54 67.09)
Keresan,POINT (-106.98 35.25)
Kinyarwanda,POINT (29.64 -1.57)
Kiowa Apache,POINT (-98.25 34.91)
Kiowa,POINT (-98.9 34.94)
Kirghiz,POINT (74 42)
Kohin,POINT (111.91 -1.44)
Komi-Permyak,POINT (54.8 59.66)
Korean,POINT (126.98 37.54)
Koryak,POINT (166.69 63.9)
Kota (India),POINT (76.94 11.5)
Koyo,POINT (15.75 -0.7)
Krahô,POINT (-47.58 -8.01)
Kuikúro-Kalapálo,POINT (-53.23 -12.3)
Kuman,POINT (144.98 -5.91)
Kupsabiny,POINT (34.6 1.33)
Kurdish,POINT (45.14 35.18)
Kwak'wala,POINT (-127.31 50.93)
Kwenyii,POINT (166.71 -22.27)
Ladino,POINT (28.66 41.2)
Lakota,POINT (-103.95 46.37)
Lala-Bisa,POINT (30.23 -12.95)
Lao,POINT (102.46 19)
Lardil,POINT (139.43 -16.56)
Latvian,POINT (24.31 56.83)
Lesser Antillean French Creole,POINT (-61.57 16.25)
Li'o,POINT (121.83 -8.69)
Lithuanian,POINT (23.96 55.14)
Litoka,POINT (19.24 2.69)
Lower Northern English,POINT (-1 53)
Low German,POINT (10.37 52.68)
Loyalty Islands,POINT (167.26 -21.02)
Lozi,POINT (24.74 -17.71)
Luba-Lulua,POINT (22.44 -5.73)
Lunda,POINT (23.87 -11.18)
Macedonian,POINT (21.79 41.6)
Macushi,POINT (-60.22 4.32)
Ma'di,POINT (31.85 3.62)
Maguindanao,POINT (124.51 6.95)
Mahasu Pahari,POINT (77.53 31.01)
Mahafaly-Antanalana Malagasy,POINT (44.5 -24.2)
Makasar,POINT (119.84 -5.66)
Máku,POINT (-64.24 3.97)
Malayalam,POINT (76.77 9.59)
Mandarin Chinese,POINT (116.23 40.02)
Manggarai,POINT (120.33 -8.56)
Maori,POINT (176.54 -38.29)
Mapudungun,POINT (-71.28 -38.74)
Ye'kwana,POINT (-64.39 4.71)
Marathi,POINT (76.67 17.93)
Mari,POINT (47.49 56.03)
Martinique Creole French,POINT (-61.02 14.64)
Masai,POINT (36.46 -3.14)
Mayan,POINT (-92.84 17.42)
Mayo,POINT (-108.98 26.45)
Mazanderani,POINT (52.3 36.24)
Mbukushu,POINT (22.5 -17.68)
Meitei,POINT (93.34 24.44)
Melpa,POINT (144.34 -5.63)
Meriam,POINT (143.77 -9.6)
Mezquital Otomi,POINT (-99.56 20.23)
Mikasuki,POINT (-84 31.5)
Mi'kmaq,POINT (-64 46)
Minangkabau,POINT (100.44 -0.9)
Miriwung,POINT (128.89 -16.36)
Mískito,POINT (-84.29 15.16)
Modern Greek,POINT (23.13 38.36)
Mongo,POINT (20.43 -1.54)
Muria,POINT (80.79 20.19)
Nama (Namibia),POINT (17.98 -25.07)
Nanai,POINT (134.8 48.43)
Napoletano,POINT (16.42 39.23)
Naro,POINT (20.75 -22.09)
Ndonga,POINT (17.35 -17.22)
Nepali,POINT (85 28)
Tanzania-Mozambique Ngoni,POINT (37.41 -11.78)
Nias,POINT (97.5 0.91)
Nicaragua Creole English,POINT (-83.74 12.44)
Niuean,POINT (-169.86 -19.06)
Northern Kurdish,POINT (43 37)
Northern Pashto,POINT (71.33 34)
North Azerbaijani,POINT (46.47 40.98)
Northern Yukaghir,POINT (157.85 70.5)
Northwest Gbaya,POINT (15.26 5.95)
Zimbabwean Ndebele,POINT (27.41 -20.25)
Northern Amami-Oshima,POINT (129.45 28.21)
North Alaskan Inupiatun,POINT (-143.77 69.58)
Northwestern Ojibwa,POINT (-87.79 51.62)
Northern Emberá,POINT (-77.57 7.13)
Levantine Arabic,POINT (36.05 34.17)
Northern Sotho,POINT (28.39 -23.14)
Norwegian,POINT (10.71 59.92)
Nsenga,POINT (31.35 -15.39)
Nubian,POINT (29.13 16.34)
Eastern Armenian,POINT (45 40)
Turkish,POINT (32.87 39.87)
Georgian,POINT (43.79 41.85)
Burmese,POINT (93.97 20.79)
Wolof,POINT (-15.38 15.25)
Japanese,POINT (135 35)
Southern-Coastal Tsimshian,POINT (-128.54 52.59)
Central-Southern Aymara,POINT (-69.42 -17.07)
Nuu-chah-nulth,POINT (-126.67 49.67)
Nyanja,POINT (32.81 -14.8)
Nyangatom,POINT (35.62 5.4)
Ojibwa,POINT (-85.85 47.98)
Okinoerabu-Tokunoshima,POINT (128.7 27.45)
Olo,POINT (142.13 -3.29)
Selk'nam,POINT (-68.5 -54)
Oneida,POINT (-75.71 43.44)
Onondaga,POINT (-76.12 42.92)
Odia,POINT (85 21)
Ossetic,POINT (41.92 45.77)
Paiwan,POINT (120.81 22.33)
Palauan,POINT (134.48 7.34)
Palawanic,POINT (118.17 9.28)
Palikúr,POINT (-51.62 3.64)
Paraguay-Brazil Guarani,POINT (-55.85 -25.04)
Päri,POINT (32.48 5.09)
Pashto,POINT (68.33 31.26)
Pawnee,POINT (-96.89 36.29)
Phende,POINT (19.83 -5.65)
Piaroa,POINT (-67.76 4.42)
Piegan,POINT (-113.11 49.07)
Piemontese,POINT (8.32 45.46)
Pipil,POINT (-89.44 13.89)
Pitjantjatjara,POINT (131.36 -26.97)
Poke,POINT (23.9 0.74)
Polish,POINT (18.63 51.84)
Portuguese,POINT (-8.1 39.91)
Pumé,POINT (-67.6 7.11)
Purari,POINT (145.04 -7.59)
Purepecha,POINT (-101.63 19.25)
Puyuma,POINT (121 22.64)
Qawasqar,POINT (-74.71 -49.3)
Quechan,POINT (-114.6 32.79)
Southern Cook Island Maori,POINT (-159.78 -21.23)
Rarotonga,POINT (-159.78 -21.23)
Romanian,POINT (24.23 46.39)
Rukai,POINT (120.84 22.77)
Russian,POINT (50 59)
Russia Buriat,POINT (105.56 50.85)
Saami,POINT (25.62 66.85)
Saint Lucian Creole French,POINT (-61.36 15.39)
Samoan,POINT (-171.83 -13.92)
San Andres Creole English,POINT (-81.7 12.55)
San Blas Kuna,POINT (-78.31 9.16)
Saramaccan,POINT (-54.02 4.55)
Sardinian,POINT (9.07 39.77)
Scottish Gaelic,POINT (-5.24 56.76)
Selkup,POINT (82.3 59.94)
Seneca,POINT (-77.53 42.56)
Senga,POINT (33.37 -11.33)
Sepik,POINT (142.19 -4.05)
Saraiki,POINT (71.91 29.55)
Serbian Standard,POINT (21.92 44.32)
Seri,POINT (-112.38 28.99)
Shipibo-Conibo,POINT (-74.82 -7.17)
Shuar,POINT (-78.19 -3.45)
Shughni,POINT (71.79 37.5)
Sicilian,POINT (14.04 37.57)
Siksika,POINT (-113.11 49.07)
Slovenian,POINT (14.78 46.25)
Slovak,POINT (18.78 48.55)
Soga,POINT (33.39 0.4)
Sora,POINT (84.19 19.12)
South Saami,POINT (13.7 62.88)
Southern Sotho,POINT (27.89 -28.78)
South Marquesan,POINT (-138.98 -9.76)
Southern Land Dayak,POINT (110.46 0.07)
South Bolivian Quechua,POINT (-66.33 -20.92)
Southern Aymara,POINT (-70.34 -17.14)
Southwestern Tai,POINT (102.33 18.06)
Spanish,POINT (-1.12 40.44)
French,POINT (2 48)
English,POINT (-1 53)
German,POINT (12.47 48.65)
Swati,POINT (31.5 -26)
Swedish,POINT (17.39 59.8)
Tajik,POINT (68.55 38.82)
Tamasheq,POINT (-2.41 14.2)
Tamil,POINT (78.83 10.52)
Tangga,POINT (153.61 -4.09)
Tawang Monpa,POINT (92.18 27.77)
Tebu,POINT (15.31 16.89)
Telugu,POINT (78.7 16.45)
Temiar,POINT (101.44 4.97)
Rio Grande Tewa,POINT (-106.12 35.91)
Tikopia,POINT (168.82 -12.28)
Tlingit,POINT (-135.29 59.44)
Toda,POINT (77.02 11.42)
Tohono O'odham,POINT (-112 31.8)
Tok Pisin,POINT (147.3 -9.42)
Tonga (Tonga Islands),POINT (-175.25 -21.17)
Northern Tosk Albanian,POINT (20 41)
Trió,POINT (-55.76 2.54)
Tshwa Khoe,POINT (26.49 -20.91)
Tsonga,POINT (31.81 -23.58)
Tswana,POINT (24.76 -24.37)
Tuareg,POINT (5.99 18.81)
Tumbuka,POINT (33.37 -11.33)
Tunisian Arabic,POINT (9.56 33.8)
Tupi-Guarani,POINT (-55.42 -9.29)
Turkmen,POINT (59.18 37.09)
Tuvinian,POINT (94.37 51.7)
Tzotzil,POINT (-92.74 16.64)
Udmurt,POINT (52.64 56.13)
Uighur,POINT (87.38 43.88)
Ulithian,POINT (139.6 9.96)
Ulster English,POINT (-1 53)
Vanimo,POINT (141.26 -2.69)
Venda,POINT (29.95 -22.19)
Vietnamese,POINT (105.77 20.68)
Vincentian Creole English,POINT (-61.2 13.24)
Wadjiginy,POINT (130.74 -12.86)
Waladja,POINT (127.62 -15.7)
Walloon,POINT (5.15 50.22)
Waorani,POINT (-76.68 -1.12)
Warao,POINT (-59.35 7.51)
Warlpiri,POINT (131.05 -20.1)
Wayana,POINT (-54.44 2.78)
Wayuu,POINT (-72.2 11.4)
Western Panjabi,POINT (75.35 30.09)
West Central Banda,POINT (24.1 6.81)
Western Canadian Inuktitut,POINT (-96.15 64.35)
West Central Oromo,POINT (36.74 8.81)
Western Caribbean Creole,POINT (-83.74 12.44)
Wichí Lhamtés Nocten,POINT (-63.6 -21.99)
Wikalkan,POINT (141.56 -13.68)
Woleaian,POINT (143.92 7.38)
Worora,POINT (125.16 -15.82)
Worrorran,POINT (125.79 -15.65)
Worrorra,POINT (124.88 -15.61)
Wunambal,POINT (125.72 -14.83)
Wuzlam,POINT (14.14 10.96)
Xakriabá,POINT (-47 -19)
Xhosa,POINT (28.08 -31.04)
Yaka (Central African Republic),POINT (17.27 3.65)
Sakha,POINT (133.98 61.7)
Yami,POINT (121.54 22.05)
Yanomám,POINT (-62.85 2.49)
Yao,POINT (35.24 -13.61)
Yapese,POINT (138.12 9.56)
Yaqui,POINT (-110.68 29.94)
Yawalapití,POINT (-53.42 -12.51)
Yucatec Maya,POINT (-88.96 18.78)
Yuulngu,POINT (135.13 -12.58)
Zezuru,POINT (29.76 -17.21)
Zulu,POINT (30.2 -28.9)
Zuni,POINT (-108.78 35.01)
Kenuzi-Dongola,POINT (33 23)
Tarifiyt-Beni-Iznasen-Eastern Middle Atlas Berber,POINT (-2 34)
Guanche,POINT (-15.62 27.99)
Algiers,POINT (2 31)
South-Western Tunisian,POINT (9 30)
Oran,POINT (2 35)
Jebli,POINT (-5 35)
Southern Morocco Arabic,POINT (-8 33)
Constantine,POINT (5 35)
Saidi Arabic,POINT (28 30)
Sahil,POINT (10.94 35)
Egyptian Arabic,POINT (33 25)
Libyan Arabic,POINT (22 31)
Tunis (Tunisian Arabic),POINT (10 37)
Tarifiyt-Beni-Iznasen-Eastern Middle Atlas Berber,POINT (-4 35)
Kabyle,POINT (4 36)
Sus-Agadir,POINT (-9 30)
Central Moroccan Berber,POINT (-7 33)
Chaouia of the Aures,POINT (7 36)
Hassaniyya,POINT (-11 28)
Gheg Albanian,POINT (20 42)
Galician Portuguese,POINT (-7 42)
Latin,POINT (12 42)
Labourdin,POINT (-1 43)
Continental Southern Italian,POINT (14.25 40.89)
Spanish,POINT (-6 37)
Modern Greek,POINT (23 39)
Western Low Navarrese,POINT (-2 43)
English,POINT (-73 42)
Afrikaans,POINT (28 -16)
English,POINT (-12.27 -37.11)
Brazilian Portuguese,POINT (-46.64 -23.68)
Québécois,POINT (-72 47)
Dutch,POINT (7 53)
Icelandic,POINT (-20 64)
Irish,POINT (-9 53)
North Saami,POINT (22 68)
Walloon,POINT (5 50)
Serbian Standard,POINT (20 44)
Bayash-Rudar,POINT (26 45)
Russian,POINT (41 53)
Bashkir,POINT (56 54)
North Udmurt,POINT (52 58)
Chuvash,POINT (53 57)
Erzya,POINT (50 53)
Estonian,POINT (26 59)
Gagauz,POINT (29.32 45.44)
Ingrian,POINT (29 59)
Livvi,POINT (33 64)
Southwest Ukrainian,POINT (24 49)
Central Tatar,POINT (50 55)
Latvian,POINT (24 57)
Karaim,POINT (23 55)
West Tatar,POINT (24 55)
Liv,POINT (23 57)
Moldavian,POINT (29 47)
South Udmurt,POINT (53 57)
Veps,POINT (35 61)
Votic,POINT (29 59)
Czech,POINT (16 50)
Eastern Mari,POINT (48 56.5)
Bulgarian,POINT (24 43)
Belarusian,POINT (28 55)
East Ukrainian,POINT (36 48)
Hungarian,POINT (20 47)
Lithuanian,POINT (24 55)
Oirad-Kalmyk-Darkhat,POINT (46 46)
Central Kurdish,POINT (44 32)
Abkhaz,POINT (41 43)
Xevsur,POINT (45 43)
Kumyk,POINT (48 42)
Kabardian,POINT (42 44)
Turkish,POINT (30 38)
Digor Ossetian,POINT (44 43)
Chechen,POINT (46 43)
Imeretian,POINT (45 42)
Svan,POINT (43 43)
North Mesopotamian Arabic,POINT (36 36)
Gilit Mesopotamian Arabic,POINT (47 31)
Eastern Egyptian Bedawi Arabic,POINT (37 33)
Ancient Hebrew,POINT (35 32)
Akkadian,POINT (45 32)
South Najdi,POINT (47 28)
South Levantine Arabic,POINT (36 32)
Levantine Arabic,POINT (36 34)
Sunni Beiruti Arabic,POINT (35.03 32.77)
Sanaani Arabic,POINT (45 15)
Sindhi,POINT (68 25)
Eastern Balochi,POINT (69 30)
Ghilzai,POINT (68 33)
Qashqa'i,POINT (52 30)
Western Panjabi,POINT (73 32)
Yusufzai,POINT (72 35)
Hazaragi,POINT (66 35)
Indus Kohistani,POINT (73 35)
Kamviri,POINT (71 36)
Basseri,POINT (54 30)
Mogholi,POINT (63 34)
Bakhtiari,POINT (48 33)
Tehrani,POINT (52 36)
Kazakh,POINT (70 48)
Monguoric,POINT (100 39)
Halh Mongolian,POINT (97 46)
Dagur,POINT (125 49)
Turkmen,POINT (62 38)
Russia Buriat,POINT (107 52)
Peripheral Mongolian,POINT (115 41)
Northern Uzbek,POINT (60 43)
Amur Nivkh,POINT (142 53)
Kazym-Berezover-Suryskarer Khanty,POINT (74 62)
Selkup,POINT (90 59)
Nganasan,POINT (90 72)
West Itelmen,POINT (161.79 54.98)
Central Siberian Yupik,POINT (-173 64)
Northern Mansi,POINT (62 63)
Evenki,POINT (112 55)
Negidal,POINT (134 52)
Ulch,POINT (136 50)
Orok,POINT (142.71 54.01)
Sakha,POINT (125 65)
Oroch,POINT (138 51)
Udihe,POINT (136 47)
Chukchi,POINT (177 66)
Tundra Nenets,POINT (75 68)
Koryak,POINT (164.24 61.99)
Hokkaido Ainu,POINT (144 44)
Nanai,POINT (132 47)
Korean,POINT (126.96 38.13)
Mandarin Chinese,POINT (118 37)
Yaeyama,POINT (124.14 24.46)
Kim Mun,POINT (105 22)
Miyako,POINT (125.32 24.79)
Wu Chinese,POINT (120 31)
Yue Chinese,POINT (113 23)
Sichuan Yi,POINT (103 29)
Manchu,POINT (126 45)
Horned Miao,POINT (107 26)
Japanese,POINT (136 35)
Chaoshan,POINT (115 24)
Central Okinawan,POINT (127.8 26.16)
Central Bai,POINT (100 26)
Hlai,POINT (109 19)
Bori-Karko,POINT (95 28)
Burushaski,POINT (75 37)
Lepcha,POINT (89 28)
Ü,POINT (91 30)
Shina,POINT (73 35)
Solu-Khumbu Sherpa,POINT (87 28)
Kachari,POINT (90 27)
Western Magar,POINT (84 28)
Santali,POINT (87 24)
Maithili,POINT (86 25)
Bhojpuri,POINT (83 26)
Bengali,POINT (88 23)
Sanskrit,POINT (75 30)
Ho,POINT (85 22)
Bhili,POINT (74 22)
Indian Kurux,POINT (85 23)
Garhwali,POINT (78 30)
Kashmiri,POINT (75 34)
Gujarati,POINT (77 20)
Chenchu,POINT (79 16)
Telugu,POINT (79 18)
Koya,POINT (78 19)
Kui (India),POINT (82 18)
Western Muria,POINT (81 20)
Mukha-Dora,POINT (82 18)
Tamil,POINT (79 11)
Maria (India),POINT (81 19)
Kodava,POINT (76 12)
Malayalam,POINT (76 11)
Mundari,POINT (85 22)
Chhattisgarhi,POINT (81 22)
Betsileo,POINT (47 -22)
Merina,POINT (46 -19)
Tañala,POINT (47 -22)
Car Nicobarese,POINT (92.77 9.17)
Sinhala,POINT (80 7)
Tandroy Malagasy,POINT (46 -25)
West Malagasy Sakalava,POINT (43.93 -21)
Tesaka Malagasy,POINT (47.75 -22.9)
Garo,POINT (91 26)
Chakma,POINT (92 23)
Aimol,POINT (94 25)
Thado Chin,POINT (94 25)
Angami Naga,POINT (94 26)
Southern Rengma Naga,POINT (94 26)
Sumi Naga,POINT (95 26)
Hills Karbi,POINT (94 26)
Shwe Palaung,POINT (97 23)
Asho Chin,POINT (94 22)
Lotha Naga,POINT (94 27)
Mizo,POINT (92 23)
Burmese,POINT (95 20)
Mara Chin,POINT (93 22)
Southern Jinghpaw,POINT (97 26)
Purum,POINT (94 25)
Pwo Western Karen,POINT (97.19 17.12)
Khasi,POINT (92 26)
Rakhine,POINT (92.64 20.49)
Lamet,POINT (101 20)
Rade,POINT (108 13)
Eastern Cham,POINT (108 11)
Western Lawa,POINT (98 18)
Muong,POINT (105 21)
Semai,POINT (102 4)
Old Khmer,POINT (104 13)
Negeri Sembilan Malay,POINT (102.25 2.58)
Eastern Mnong,POINT (107 12)
Vietnamese,POINT (107 17)
Central Khmer,POINT (105 12)
Moken,POINT (98.28 11.78)
Akha,POINT (100 21)
Central Malay,POINT (103 5)
Thai,POINT (100 15)
Bunun,POINT (121 24)
Puyuma,POINT (121 23)
Cebuano,POINT (123.65 10.2)
Southern Sama,POINT (119.97 5.09)
Yami,POINT (121.55 22.05)
Lubuagan Kalinga,POINT (121 18)
Koronadal Blaan,POINT (125 6)
Kailibo Aklanon,POINT (123 10)
Northern Kankanay,POINT (121 17)
Tuwali Ifugao,POINT (121 17)
Central Subanen,POINT (123 8)
Hanunoo,POINT (121 13)
Paiwan,POINT (120.77 22.44)
Tagbanwa,POINT (119 10)
Central Bontoc,POINT (121 17)
Amis,POINT (121.05 22.7)
Iban,POINT (112 2)
Javanese,POINT (110 -7)
Balinese,POINT (115.02 -8.18)
Batak Toba,POINT (99 2)
Kadazan Dusun,POINT (117 6)
Minangkabau,POINT (101 -1)
Mentawai,POINT (100.23 -2.93)
Kubu,POINT (103 -3)
Punan Bah-Biau,POINT (115 3)
Makasar,POINT (119.69 -5.31)
Tobelo,POINT (128 1)
Ambonese Malay,POINT (128.18 -3.71)
Sumbawa,POINT (117.27 -8.63)
Kodi,POINT (119.07 -9.66)
Abui,POINT (124.26 -8.22)
Tetum,POINT (126 -9)
Termanu,POINT (123.18 -10.71)
Pamona,POINT (121 -2)
Selaru,POINT (130.96 -8.19)
Lamaholot,POINT (122.85 -8.33)
Kei,POINT (133.07 -5.58)
Kambera,POINT (120 -10)
Eastern Arrernte,POINT (134 -24)
Warlpiri,POINT (132 -22)
Gun-narda,POINT (134.32 -12.29)
Jir'jorond,POINT (142 -15)
Anindilyakwa,POINT (136.6 -13.99)
Tiwi,POINT (130.81 -11.56)
Dieri,POINT (138 -28)
Kariyarra,POINT (118 -21)
Wik-Mungkan,POINT (142 -14)
Murriny Patha,POINT (130 -14)
Ngiyambaa,POINT (146 -32)
Ekari,POINT (136 -4)
Motu,POINT (147 -9)
Umbu-Ungu,POINT (144 -6)
Kwoma,POINT (142 -4)
Meriam,POINT (144.06 -9.91)
Ambulas,POINT (143.09 -3.79)
Foi,POINT (143 -6)
Siane,POINT (145 -6)
Kimaama,POINT (138.46 -7.52)
Marind,POINT (139 -8)
Wantoat,POINT (146.53 -6.15)
Koitabu,POINT (147 -9)
Mailu,POINT (149 -10)
Mekeo,POINT (147 -9)
South Muyu,POINT (141 -6)
Grass Koiari,POINT (148 -9)
Fuyug,POINT (147 -8)
Adzera,POINT (146 -6)
Banaro,POINT (144.34 -4.56)
Bugawac,POINT (147.26 -6.69)
Manam,POINT (145.03 -4.08)
Bukiyip,POINT (144 -4)
Kamoro,POINT (135 -4)
Fore,POINT (145 -6)
Sio,POINT (147 -6)
Kwerba,POINT (138 -2)
Bonggo,POINT (139.6 -2.34)
Iatmul,POINT (143 -4)
Samarokena,POINT (140 -3)
Ngalum,POINT (141 -5)
Mid Grand Valley Dani,POINT (139 -4)
Orokolo,POINT (145.31 -7.82)
Wogeo,POINT (144.1 -3.24)
Nambo,POINT (142 -9)
Waropen,POINT (137.23 -2.14)
Enga,POINT (144 -6)
Purari,POINT (145 -7)
Orokaiva,POINT (148 -9)
Palauan,POINT (134.54 7.45)
Mortlockese,POINT (152.74 6.89)
Kosraean,POINT (162.98 5.31)
Rälik,POINT (165.29 11.7)
Nauru,POINT (166.92 -0.53)
Banaban,POINT (172.99 3.38)
Carolinian,POINT (145.76 15.21)
Lamotrek,POINT (146.38 7.46)
Rälik,POINT (169.49 6.28)
Chuukese,POINT (151.6 7.34)
Ratak,POINT (171.13 7.09)
Nuclear Woleaian,POINT (144.46 7.25)
Pohnpeian,POINT (158.22 6.88)
Yapese,POINT (138.13 9.55)
Nui,POINT (175.06 -1.47)
Chamorro,POINT (145.71 15.13)
Ulithian,POINT (139.79 10.02)
Siwai,POINT (155 -6)
Lele (Papua New Guinea),POINT (147 -2)
Yele,POINT (154.14 -11.36)
Vaghua,POINT (156.52 -6.69)
Wuvulu-Aua,POINT (142.85 -1.74)
Suau,POINT (149.91 -10.41)
Bola,POINT (150.05 -5.42)
Bwaidoka,POINT (150.33 -9.44)
Muduapa,POINT (149.53 -4.67)
Kwaio,POINT (161 -9)
Molima,POINT (151 -10)
Kilivila,POINT (151.09 -8.43)
Longgu,POINT (159.82 -9.49)
Tangga,POINT (153.31 -3.38)
Tinputz,POINT (154.91 -5.6)
Notsi,POINT (151.66 -3.06)
Dobu,POINT (151 -10)
Sa'a,POINT (161.44 -9.63)
Nakanai,POINT (150.81 -5.5)
Simbo,POINT (157 -8)
Titan,POINT (147 -2)
Mota,POINT (167.7 -13.84)
Southwest Tanna,POINT (169.44 -19.6)
Lamenu,POINT (168.17 -16.61)
Sie,POINT (169.16 -18.85)
North Ambrym,POINT (168.15 -16.18)
Bau (Fijian),POINT (178.32 -17.81)
Nahavaq,POINT (167.47 -16.51)
Sa,POINT (168.22 -15.95)
Lauan,POINT (-179.31 -17.74)
Ajië,POINT (165.47 -21.37)
Rotuman,POINT (177.07 -12.5)
Dehu,POINT (167.23 -20.94)
Northeast Vanua Levu,POINT (178.32 -17.81)
Natügu,POINT (165.85 -10.73)
Samoan,POINT (-172.41 -13.68)
Rennell-Bellona,POINT (160.42 -11.74)
Tonga (Tonga Islands),POINT (-175.07 -19.74)
East Uvean,POINT (-176.17 -13.28)
Samoan,POINT (-171.77 -13.94)
Tikopia,POINT (168.83 -12.29)
Pukapuka,POINT (-165.84 -10.89)
Tuvalu,POINT (178.68 -7.48)
Luangiua,POINT (159.7 -5.48)
Tokelau,POINT (-171.85 -9.2)
Kapingamarangi,POINT (154.8 1.09)
Niuean,POINT (-169.86 -19.05)
Southern Cook Island Maori,POINT (-157.91 -21.93)
Māngarongaro,POINT (-158.03 -9.02)
Maori,POINT (176.31 -38.41)
North Marquesan,POINT (-140.08 -8.9)
Rakahanga-Manihiki,POINT (-160.98 -10.41)
Tuamotuan,POINT (-142.31 -15.94)
Hawaiian,POINT (-155.83 19.89)
Rapanui,POINT (-109.36 -27.12)
Upper Tanana,POINT (-141 63)
Chugach,POINT (-146.49 60.72)
Central Siberian Yupik,POINT (-170.3 63.34)
North Slope Inupiatun,POINT (-152 68)
North Baffin Inuktitut,POINT (-64.63 65.24)
Polar Eskimo,POINT (-70 78)
Dogrib,POINT (-117 63)
North Slavey,POINT (-119 65)
South Slavey,POINT (-120 61)
Central Carrier,POINT (-124 54)
North Slope Inupiatun,POINT (-157 71)
Gwich'in,POINT (-135 66)
Kivalliq,POINT (-96 63)
Western Canadian Inuktitut,POINT (-82 70)
North Labrador Eskimo,POINT (-65 58)
Kalaallisut,POINT (-51.22 68.66)
Dena'ina,POINT (-144 62)
Tahltan,POINT (-131 58)
Sekani,POINT (-123 56)
Beaver,POINT (-117 58)
Inuinnaqtun,POINT (-110 69)
Southern East Cree,POINT (-85 51)
Montagnais,POINT (-72 48)
Albany River Ojibwa,POINT (-98 52)
Lac Seul Ojibwa,POINT (-94 52)
Central Ojibwa,POINT (-88 50)
Red Lake Chippewa,POINT (-96 49)
Rainy River Ojibwa,POINT (-92 49)
Upper Michigan-Wisconsin Chippewa,POINT (-92 46)
Eastern Ojibwa,POINT (-85 46)
Kaska,POINT (-128 59)
Ottawa,POINT (-82 46)
Mi'kmaq,POINT (-65 47)
Potawatomi,POINT (-85 44)
Natsilingmiutut,POINT (-96 69)
Nunavik,POINT (-76 62)
Naskapi,POINT (-70 58)
General Central Yup'ik,POINT (-166 60)
Swampy Cree,POINT (-83 53)
Degexit'an,POINT (-160 62)
Eastern Aleut,POINT (-166.79 53.86)
Northern Haida,POINT (-132 54)
Southern Carrier,POINT (-126 53)
Sliammon,POINT (-125 51)
Squamish,POINT (-123 50)
Island Comox,POINT (-124.97 49.72)
Lummi,POINT (-123.27 48.84)
Southern Puget Sound Salish,POINT (-122 47)
Quileute,POINT (-124.59 47.91)
Clatsop-Shoalwater Chinook,POINT (-123.77 45.99)
Twana,POINT (-123 48)
Tillamook,POINT (-123.72 44.75)
Hanis,POINT (-124 43)
Tlingit,POINT (-133.92 58.12)
Bella Bella,POINT (-128 52)
Makah,POINT (-124.62 48.33)
Quinault,POINT (-124.16 47.42)
Cowichan,POINT (-122.73 49.01)
Chiliwack,POINT (-122 49)
Alsea-Yaquina,POINT (-124 44)
Siuslaw,POINT (-124 44)
Kwak'wala,POINT (-127.49 51)
Takelma,POINT (-123 42)
Tututni,POINT (-124 42)
Shasta,POINT (-122 41)
Chimariko,POINT (-123 41)
Karuk,POINT (-123 42)
Hupa-Chilula,POINT (-123 41)
Wiyot,POINT (-123.55 39.81)
Eel River Athabaskan,POINT (-123 40)
Mattole-Bear River,POINT (-123.47 40.35)
Eel River Athabaskan,POINT (-123.6 39.73)
Yurok,POINT (-124 41)
Eyak,POINT (-144.85 60.34)
Southern-Coastal Tsimshian,POINT (-130.25 54.64)
Haisla,POINT (-129 54)
Bella Coola,POINT (-127 52)
Nomlaki,POINT (-122 39)
Achumawi,POINT (-121 41)
Yana,POINT (-122 41)
Northeast Maidu,POINT (-121 40)
Nisenan,POINT (-121 39)
Nuclear Wintu,POINT (-122 41)
Northern Yukian,POINT (-123.77 39.34)
Northern Yukian,POINT (-123 39)
Northern Pomo,POINT (-123 39)
Eastern Pomo,POINT (-123 39)
Southern Pomo,POINT (-122.94 38.55)
Tübatulabal,POINT (-118 39)
Wappo,POINT (-122.56 38.22)
Lake Miwok,POINT (-123.2 38.75)
Patwin,POINT (-122 39)
Mono (USA),POINT (-119 37)
Valley Yokuts,POINT (-120 36)
Tule-Kaweah Yokuts,POINT (-119 36)
Salinan,POINT (-121 36)
Kawaiisu,POINT (-118 35)
Cruzeño,POINT (-119.71 34.44)
Northern Hill/Valley Yokuts,POINT (-120 36)
Serrano,POINT (-117 34)
Cahuilla,POINT (-116 33)
Cupeño,POINT (-117 33)
Luiseno-Juaneño,POINT (-117 33)
Kiliwa,POINT (-115 31)
Atsugewi,POINT (-121 41)
Central Sierra Miwok,POINT (-120 38)
Tipai,POINT (-116 32)
Northern Yukian,POINT (-123 40)
Klamath-Modoc,POINT (-122 43)
Klamath-Modoc,POINT (-122 42)
Tenino,POINT (-121 45)
Thompson,POINT (-122 50)
Shuswap,POINT (-120 51)
Kalispel,POINT (-113 46)
Kalispel,POINT (-117 49)
Coeur d'Alene,POINT (-117 48)
Southern Okanogan,POINT (-120 49)
Wenatchi,POINT (-121 48)
Nuclear Yakima,POINT (-122 46)
Upper Chinook,POINT (-121 46)
Umatilla,POINT (-119 46)
Ute,POINT (-109 38)
Nez Perce,POINT (-115 45)
North Northern Paiute,POINT (-117 43)
North Northern Paiute,POINT (-119 43)
North Northern Paiute,POINT (-118 42)
North Northern Paiute,POINT (-120 42)
North Northern Paiute,POINT (-118 41)
South Northern Paiute,POINT (-120 41)
South Northern Paiute,POINT (-119 40)
South Northern Paiute,POINT (-118 40)
Mono (USA),POINT (-118 37)
Panamint,POINT (-118 36)
Panamint,POINT (-117 36)
Panamint,POINT (-116 37)
Western Shoshoni,POINT (-117 37)
Western Shoshoni,POINT (-117 39)
Western Shoshoni,POINT (-116 39)
Western Shoshoni,POINT (-115 39)
Western Shoshoni,POINT (-115 40)
Sanpoil,POINT (-119 48)
Western Shoshoni,POINT (-113 40)
Western Shoshoni,POINT (-116 41)
Western Shoshoni,POINT (-117 41)
Western Shoshoni,POINT (-115 42)
Northern Shoshoni,POINT (-112 44)
Northern Shoshoni,POINT (-111 44)
Gosiute,POINT (-114 40)
Ute,POINT (-110 37)
Northern Shoshoni,POINT (-112 42)
Ute,POINT (-112 38)
Southern Paiute,POINT (-115 36)
Southern Paiute,POINT (-117 36)
Southern Paiute,POINT (-113 36)
Chemehuevi,POINT (-115 35)
Southern Paiute,POINT (-111 36)
Ute,POINT (-113 39)
Ute,POINT (-112 40)
Ute,POINT (-112 39)
Washo,POINT (-120 39)
Ute,POINT (-105 37)
Ute,POINT (-105 40)
Ute,POINT (-107 39)
Bannock,POINT (-112 43)
Northern Shoshoni,POINT (-109 43)
Walapai,POINT (-114 36)
Yavapai,POINT (-112 35)
Yavapai,POINT (-114 34)
Chilcotin-Nicola,POINT (-122 52)
Lillooet,POINT (-124.78 50.02)
Gros Ventre,POINT (-108.98 48.78)
Arikara,POINT (-101 46)
Assiniboine,POINT (-106 48)
Blood,POINT (-115 51)
Western Ojibwa,POINT (-100 51)
Hidatsa,POINT (-101 47)
Kiowa,POINT (-99 36)
Piegan,POINT (-115 49)
Plains Cree,POINT (-94 45)
Kiowa Apache,POINT (-99 36)
Dakota,POINT (-94 45)
Coahuilteco,POINT (-99 29)
Comanche,POINT (-100 33)
Crow,POINT (-108 45)
Cheyenne,POINT (-104 39)
Sarsi,POINT (-110 54)
Lakota,POINT (-103 43)
Arapaho,POINT (-103 40)
Iowa,POINT (-95 41)
Oto,POINT (-95 40)
Ponca,POINT (-99 43)
Shawnee,POINT (-85 37)
Caddo,POINT (-93 33)
Kickapoo,POINT (-90 43)
Ho-Chunk,POINT (-88 44)
Miami,POINT (-86 40)
Wichita,POINT (-98 34)
Pawnee,POINT (-100 42)
Meskwaki,POINT (-95 45)
Caddo,POINT (-95 31)
Menominee,POINT (-88 46)
Huron-Wyandot,POINT (-78 44)
Yuchi,POINT (-86 35)
Choctaw,POINT (-88 33)
Penobscot,POINT (-70 46)
Chickasaw,POINT (-85 35)
Chitimacha,POINT (-90 30)
Mikasuki,POINT (-81 27)
Penobscot,POINT (-68 45)
Cherokee,POINT (-83 36)
Natchez,POINT (-91 32)
Timucua,POINT (-82 27)
Catawba,POINT (-80 35)
Mescalero-Chiricahua Apache,POINT (-108 31)
Southern Tiwa,POINT (-107 35)
San Ildefonso,POINT (-106 36)
Santa Ana,POINT (-107 35)
Acoma Keres,POINT (-108 35)
Acoma Keres,POINT (-107 35)
Mescalero-Chiricahua Apache,POINT (-103 33)
Jicarilla Apache,POINT (-104 36)
Western Apache,POINT (-110 34)
Hopi,POINT (-111 36)
Cocopa,POINT (-115 32)
Arizona Tewa,POINT (-111 36)
Tipai,POINT (-115 33)
Mohave,POINT (-114 35)
Quechan,POINT (-114 33)
Yavapai,POINT (-111 34)
Lipan Apache,POINT (-100 30)
Zia (United States),POINT (-107 36)
Santa Clara,POINT (-106 36)
Santo Domingo,POINT (-105 36)
Navajo,POINT (-110 37)
Zuni,POINT (-109 35)
Maricopa,POINT (-113 33)
Taos,POINT (-106 37)
Cochiti,POINT (-106 36)
Towa,POINT (-107 36)
Picuris Northern Tiwa,POINT (-106 36)
Central Tarahumara,POINT (-107 28)
Tohono O'odam,POINT (-112 31)
Huichol,POINT (-105 22)
Akimel O'odham,POINT (-111 31)
Yaqui,POINT (-110 28)
Teguima,POINT (-110 30)
Northern Tepehuan,POINT (-107 27)
Ojitlán Chinantec,POINT (-96 18)
Yalálag Zapotec,POINT (-96 17)
Huastec,POINT (-99 22)
Juxtlahuaca Mixtec,POINT (-98 18)
Mezquital Otomi,POINT (-99 20)
Highland Oaxaca Chontal,POINT (-96 16)
Classical Nahuatl,POINT (-99 19)
Highland Popoluca,POINT (-95 18)
Papantla Totonac,POINT (-97 20)
Huautla Mazatec,POINT (-97 18)
San Mateo del Mar Huave,POINT (-95.02 16.22)
Isthmus Mixe,POINT (-95 17)
Purepecha,POINT (-101 19)
Tlaxcala-Puebla-Central Nahuatl,POINT (-98 19)
San Blas Kuna,POINT (-78 9)
Lacandon,POINT (-91 16.9)
Kaqchikel,POINT (-91 14)
Lenca-Honduras,POINT (-88 14)
K'iche',POINT (-91 15)
Ngäbere,POINT (-81 8)
Popti',POINT (-90 14)
Tol,POINT (-87 15)
Poqomam,POINT (-91 15)
Tzeltal,POINT (-92 17)
Chortí,POINT (-89 14)
Northern Emberá,POINT (-78 8)
Bribri,POINT (-83 9)
Yucatec Maya,POINT (-90 18)
Garifuna,POINT (-89 16)
Mam,POINT (-92 15)
Mískito,POINT (-84.09 14.77)
Cogui,POINT (-74 11)
Yukpa,POINT (-72 9)
Tabajari,POINT (-64 9)
Paraujano,POINT (-72 11)
Wayuu,POINT (-72 12)
Taino,POINT (-75.37 19.94)
Haitian,POINT (-72.17 18.41)
Warao,POINT (-62 9)
Lokono,POINT (-56.98 5.95)
Camaracoto,POINT (-63 6)
Macushi,POINT (-59 4)
Panare,POINT (-66 6)
Wayana,POINT (-55 3)
Taurepang-Arekuna,POINT (-62 4)
Ye'kwana,POINT (-65 3)
Piapoco,POINT (-68 6)
Aukan,POINT (-54 5)
Pumé,POINT (-68 7)
Sikuani,POINT (-69 5)
Wapishana,POINT (-60 3)
Saramaccan,POINT (-56 4)
Yabarana,POINT (-66 5)
Piaroa,POINT (-67 5)
Curripaco,POINT (-67 5)
Nama,POINT (17 -27.5)
Luguru,POINT (37.67 -6.83)
Bau (Fijian),POINT (178.58 -18)
Ajië,POINT (165.67 -21.33)
Maori,POINT (174.17 -35.33)
North Marquesan,POINT (-140.17 -8.92)
Kikuyu,POINT (37.17 -0.67)
Yapese,POINT (138.16 9.52)
Palauan,POINT (134.5 7.5)
Tuwali Ifugao,POINT (121.17 16.83)
Atayal,POINT (120.75 24.33)
Wu Chinese,POINT (120.08 31)
Manchu,POINT (125.5 50)
Korean,POINT (126.42 37.6)
Japanese,POINT (133.67 34.67)
Hokkaido Ainu,POINT (143 42.83)
Ganda,POINT (32.5 0.33)
Northern Yukaghir,POINT (153.5 64.75)
Chukchi,POINT (179.6 66.5)
Degexit'an,POINT (-159.5 62.5)
Inuinnaqtun,POINT (-112.53 68.72)
Montagnais,POINT (-74 50)
Albany River Ojibwa,POINT (-95.5 52)
South Slavey,POINT (-122 62)
Kaska,POINT (-131 60)
Bila,POINT (28.33 1.5)
Eyak,POINT (-145 60.5)
Northern Haida,POINT (-132.5 54)
Bella Coola,POINT (-126.5 52.33)
Twana,POINT (-123.25 47.43)
Yurok,POINT (-124 41.5)
Valley Yokuts,POINT (-119.5 35)
North Northern Paiute,POINT (-119 43.5)
Klamath-Modoc,POINT (-121.67 42.63)
Kutenai,POINT (-116.67 49)
Nkundo,POINT (19.17 -0.75)
Gros Ventre,POINT (-108 48)
Omaha,POINT (-96.5 41.43)
Huron-Wyandot,POINT (-79 44.5)
Creek,POINT (-86 32.93)
Natchez,POINT (-91.42 31.5)
Comanche,POINT (-101.5 34)
Mescalero-Chiricahua Apache,POINT (-109.5 32)
Zuni,POINT (-108.75 35.67)
Tunen,POINT (10.8 4.67)
Havasupai,POINT (-112.17 35.83)
Tohono O'odam,POINT (-112 32)
Classical Nahuatl,POINT (-99.17 19)
Highland Popoluca,POINT (-94.83 18.25)
Bribri,POINT (-83.25 9)
San Blas Kuna,POINT (-78.5 9.25)
Wayuu,POINT (-71.75 11.92)
Tiv,POINT (9 7.25)
Haitian,POINT (-72.17 18.83)
Warao,POINT (-62 9.08)
Yanomamö,POINT (-65 2.42)
Murato,POINT (-60.17 7.42)
Saramaccan,POINT (-55.75 3.5)
Mundurukú,POINT (-56.5 -6.5)
Cubeo,POINT (-70.5 1.25)
Shuar,POINT (-78 -3)
Igbo,POINT (7.33 5.5)
Amahuaca,POINT (-72.25 -10.33)
Cusco Quechua,POINT (-72 -13.5)
Central Aymara,POINT (-65.75 -16)
Sirionó,POINT (-63.5 -14.5)
Southern Nambikuára,POINT (-58.75 -13)
Trumai,POINT (-53.67 -11.83)
Canela-Krahô,POINT (-46 -6.5)
Tupinambá,POINT (-44.5 -22.79)
Borum,POINT (-42.5 -19)
Xavánte,POINT (-51.5 -13.5)
Fon,POINT (1.91 7.2)
Mbyá Guaraní,POINT (-55 -23.5)
Enlhet Norte,POINT (-58.5 -23)
Abipon,POINT (-59.5 -28)
Mapudungun,POINT (-72.58 -38.5)
Tehuelche,POINT (-68 -40.5)
Yámana,POINT (-69.5 -55.5)
Asante,POINT (-1.5 7)
South-Eastern Ju,POINT (20.58 -19.83)
Mende (Sierra Leone),POINT (-12 7.83)
Wolof,POINT (-15.33 13.75)
Bambara,POINT (-7 12.5)
Talni,POINT (-0.57 10.66)
Koyraboro Senni Songhai,POINT (-1.67 16.58)
Bororo of Kano and Zaria,POINT (7.5 15)
Hausa,POINT (7.5 10.5)
Masana,POINT (15.5 10.5)
Zande,POINT (28.25 5.08)
Fur,POINT (25.5 13.5)
Tsonga,POINT (32.33 -25.83)
Otoro,POINT (30.67 11.33)
Shilluk,POINT (31.5 9.75)
Hozo,POINT (34.67 9.27)
Kafa,POINT (36.5 7.27)
Konso,POINT (37.5 5.25)
Northern Somali,POINT (47.25 9)
Amharic,POINT (37.75 12.5)
Bilin,POINT (38.75 15.75)
Kenuzi-Dongola,POINT (32.5 23)
Lozi,POINT (23.5 -16)
Tedaga,POINT (17.5 20.5)
Hoggar,POINT (6.5 23)
Tarifiyt-Beni-Iznasen-Eastern Middle Atlas Berber,POINT (-3.25 34.92)
Egyptian Arabic,POINT (33 24.75)
Ancient Hebrew,POINT (34.92 31.18)
Akkadian,POINT (44.75 32.58)
Eastern Egyptian Bedawi Arabic,POINT (38.5 33.25)
Turkish,POINT (34.25 39.33)
Gheg Albanian,POINT (20.17 42)
Latin,POINT (13.5 41.67)
Umbundu,POINT (16.5 -12.25)
Western Low Navarrese,POINT (-1.67 43.25)
Irish,POINT (-10 53.5)
North Saami,POINT (21.5 68.7)
Tundra Nenets,POINT (51.5 68)
Russian,POINT (41.33 52.67)
Abkhaz,POINT (40.77 43.13)
Eastern Armenian,POINT (44.5 40)
Central Kurdish,POINT (44.5 36.5)
Basseri,POINT (53 29)
Western Panjabi,POINT (74 32.5)
Maria (India),POINT (80.92 19.63)
Toda,POINT (76.5 11.5)
Santali,POINT (87.17 23.5)
Bhojpuri,POINT (83 25.92)
Burushaski,POINT (74.58 36.43)
Kazakh,POINT (75.5 42.5)
Halh Mongolian,POINT (96.08 47.17)
Sichuan Yi,POINT (103.5 27.5)
Lepcha,POINT (89 27.5)
Town Bemba,POINT (30.5 -10.5)
Mara Chin,POINT (93 22.33)
Burmese,POINT (95.67 22)
Lamet,POINT (100.67 20)
Vietnamese,POINT (106.25 20.5)
Old Khmer,POINT (103.83 13)
Thai,POINT (100.85 14)
Kensiu,POINT (101.25 5)
Car Nicobarese,POINT (93.75 7)
Nyakyusa,POINT (34 -9.5)
Veddah,POINT (81.25 7.75)
Tañala,POINT (48 -22)
Javanese,POINT (112.22 -7.7)
Balinese,POINT (115.33 -8.5)
Iban,POINT (113 2)
Southern Sama,POINT (120 5)
Tobelo,POINT (127.94 2)
Abui,POINT (124.67 -8.33)
Hadza,POINT (35.18 -3.75)
Tiwi,POINT (131 -11.38)
Eastern Arrernte,POINT (133.5 -24.25)
Orokaiva,POINT (148 -8.5)
Kimaama,POINT (138.5 -7.5)
Kwoma,POINT (142.67 -4.17)
Titan,POINT (147.17 -2.17)
Notsi,POINT (151 -2.71)
Kilivila,POINT (151.01 -8.54)
Siwai,POINT (155.45 -6.76)
Mundurukú,POINT (-58 -6)
Tapirapé,POINT (-52 -11)
Palikúr,POINT (-52 3)
Yanomám,POINT (-65 2)
Sateré-Mawé,POINT (-57 -4)
Ninam,POINT (-63 4)
Waiwai,POINT (-59 1)
Sanumá,POINT (-66 4)
Cocama-Cocamilla,POINT (-79 1)
Chácobo,POINT (-67 -12)
Tucano,POINT (-70 0)
Yagua,POINT (-72 -3)
Murui Huitoto,POINT (-74 -1)
Lomeriano-Ignaciano Chiquitano,POINT (-63 -18)
Shipibo-Conibo,POINT (-74 -9)
Cusco Quechua,POINT (-72 -13)
Central Aymara,POINT (-69 -16)
Central Tunebo,POINT (-72 7)
Páez,POINT (-76 3)
Chibcha,POINT (-72 5)
Ajyíninka Apurucayali,POINT (-75 -8)
Yine,POINT (-73 -12)
Uru,POINT (-69 -16)
Mapudungun,POINT (-68 -39)
Wichí Lhamtés Güisnay,POINT (-63 -24)
Terena-Kinikinao-Chane,POINT (-58 -21)
Kadiwéu,POINT (-57 -22)
Iyo'wujwa Chorote,POINT (-62 -22)
Chamacoco,POINT (-59 -20)
Eastern Bolivian Guaraní,POINT (-63 -20)
Toba,POINT (-60 -25)
Trumai,POINT (-53 -12)
Bakairí,POINT (-55 -14)
Southern Nambikuára,POINT (-59 -12)
Kamayurá,POINT (-54 -12)
Guató,POINT (-58 -19)
Parecís,POINT (-58 -15)
Umotína,POINT (-57 -15)
Awetí,POINT (-54 -12)
Karajá,POINT (-50 -12)
Mbyá Guaraní,POINT (-54 -26)
Xerénte,POINT (-48 -9)
Canela-Krahô,POINT (-45 -7)
Borum,POINT (-42 -18)
Tenetehara,POINT (-46 -3)
Apinayé,POINT (-49 -6)
Tupinambá,POINT (-35 -8)
Kayapó,POINT (-52 -8)
Tlingit,POINT (-136 59)
Kwak'wala,POINT (-127 50.86)
Sanpoil,POINT (-118.7 48)
Columbia,POINT (-119.5 47)
Wenatchi,POINT (-120.3 47.5)
Coeur d'Alene,POINT (-117 47.7)
Kalispel,POINT (-116.2 48.2)
Kalispel,POINT (-114 47.5)
Kutenai,POINT (-116.4 49)
Nez Perce,POINT (-117 46)
Klikitat,POINT (-121.5 45.8)
Bella Coola,POINT (-127.5 52.5)
Upper Chinook,POINT (-121.2 45.5)
Tenino,POINT (-121.5 45.4)
Klamath-Modoc,POINT (-122 42.5)
Klamath-Modoc,POINT (-121.7 42)
North Northern Paiute,POINT (-119 43.3)
South Northern Paiute,POINT (-119.5 40)
Mono (USA),POINT (-119 38)
Western Shoshoni,POINT (-117.3 39.3)
Western Shoshoni,POINT (-114.5 39.3)
Western Shoshoni,POINT (-115.2 40.8)
Western Shoshoni,POINT (-117 40.8)
Northern Shoshoni,POINT (-113 43)
Northern Shoshoni,POINT (-113.8 45)
Northern Shoshoni,POINT (-112 41.7)
Ute,POINT (-111 40)
Ute,POINT (-108 38)
Southern Paiute,POINT (-114 36.8)
Southern Paiute,POINT (-112 36.5)
Southern Paiute,POINT (-110 37)
Chemehuevi,POINT (-116 34.3)
Havasupai,POINT (-112.8 36.2)
Walapai,POINT (-114 35.3)
Yavapai,POINT (-112.2 34.6)
Yavapai,POINT (-111.5 33.7)
Sliammon,POINT (-124.5 50.5)
Mohave,POINT (-114.5 34.5)
Quechan,POINT (-114.5 32.7)
Tipai,POINT (-115 32.5)
Maricopa,POINT (-112.5 33.3)
Akimel O'odham,POINT (-112 33.2)
Western Apache,POINT (-111.8 35)
Western Apache,POINT (-111.2 34)
Western Apache,POINT (-110.8 33.5)
Pentlatch,POINT (-125 49.5)
Western Apache,POINT (-110.6 34.6)
Western Apache,POINT (-110 33.8)
Mescalero-Chiricahua Apache,POINT (-108 33)
Mescalero-Chiricahua Apache,POINT (-110 31.8)
Mescalero-Chiricahua Apache,POINT (-105 32.5)
Lipan Apache,POINT (-104 30)
Jicarilla Apache,POINT (-105.5 37)
Navajo,POINT (-112 36)
Navajo,POINT (-108.7 35.5)
Hopi,POINT (-110.5 36)
Squamish,POINT (-123.3 49.7)
Zuni,POINT (-108.9 35.2)
Acoma Keres,POINT (-107.5 35)
Zia (United States),POINT (-106.5 35.3)
Santa Ana,POINT (-106.4 35.2)
Santo Domingo,POINT (-106.1 35.3)
Cochiti,POINT (-106 35.6)
San Juan (USA),POINT (-106.1 36.1)
San Ildefonso,POINT (-106.2 35.9)
Santa Clara,POINT (-106.3 36)
Nambe,POINT (-105.9 35.9)
Cowichan,POINT (-123.7 48.7)
Taos,POINT (-105.5 36.5)
Southern Tiwa,POINT (-106.7 34.8)
Towa,POINT (-106.8 35.8)
Saanich,POINT (-123.5 48.4)
Chiliwack,POINT (-121.5 49.4)
Musqueam,POINT (-123.24 49.37)
Lummi,POINT (-123.7 48.7)
Twana,POINT (-123 47.3)
Quinault,POINT (-124.1 47.4)
Southern Puget Sound Salish,POINT (-122.5 47.1)
Quileute,POINT (-124.3 47.9)
Clatsop-Shoalwater Chinook,POINT (-124 46.35)
Alsea-Yaquina,POINT (-124 44.7)
Hanis,POINT (-124.2 43.3)
Tututni,POINT (-124.3 42.5)
Tolowa-Chetco,POINT (-124.2 42.1)
Galice,POINT (-123.5 42.5)
Karuk,POINT (-123.5 41.4)
Hupa-Chilula,POINT (-123.5 41)
Wiyot,POINT (-124 40.8)
Southern Haida,POINT (-132.1 53.09)
Eel River Athabaskan,POINT (-123.8 40.2)
Mattole-Bear River,POINT (-124.1 40.4)
Eel River Athabaskan,POINT (-123.6 40.4)
Kato,POINT (-123.3 39.7)
Shasta,POINT (-122.3 41.5)
Shasta,POINT (-122.8 41.8)
Chimariko,POINT (-123.2 40.7)
Nuclear Wintu,POINT (-123.2 40.6)
Nuclear Wintu,POINT (-122.4 40.8)
Nuclear Wintu,POINT (-122.4 41.2)
Southern-Coastal Tsimshian,POINT (-130.05 55.3)
Nomlaki,POINT (-122.5 39.5)
Achumawi,POINT (-120.5 41.4)
Achumawi,POINT (-121.4 41.2)
Atsugewi,POINT (-121.3 40.5)
Valley Maidu,POINT (-121.9 39.7)
Northwest Maidu,POINT (-121.3 39.8)
Northeast Maidu,POINT (-121 40.2)
Nisenan,POINT (-121.1 39.4)
Nisenan,POINT (-120.9 39.3)
Nisenan,POINT (-121 38.8)
Gitxsan,POINT (-127.5 56.3)
Northern Yukian,POINT (-123.6 39.4)
Northern Yukian,POINT (-123.2 39.8)
Yana,POINT (-122 40.5)
Northern Pomo,POINT (-123.3 39.6)
Southern Pomo,POINT (-123 38.5)
Wappo,POINT (-123 38.7)
Patwin,POINT (-122 38.7)
Northern Sierra Miwok,POINT (-121 38.5)
Haisla,POINT (-128 53.5)
Southern Sierra Miwok,POINT (-119.5 37.5)
Mono (USA),POINT (-119 37.5)
Mono (USA),POINT (-119 36.7)
Northern Hill/Valley Yokuts,POINT (-119.8 37.2)
Southern Valley Yokuts,POINT (-119.4 36.8)
Tule-Kaweah Yokuts,POINT (-119.1 36.4)
Valley Yokuts,POINT (-120 36.2)
Valley Yokuts,POINT (-118.8 35.3)
Tübatulabal,POINT (-118.2 36)
Kawaiisu,POINT (-118.5 35.5)
Ooweekeeno,POINT (-128.5 53)
Salinan,POINT (-120 35)
Tongva,POINT (-118 34.8)
Luiseno-Juaneño,POINT (-117.3 33.3)
Cupeño,POINT (-116.7 33.2)
Serrano,POINT (-117 34.2)
Cahuilla,POINT (-116.2 33.5)
Cahuilla,POINT (-116.7 33.8)
Cahuilla,POINT (-116.5 33.3)
Tipai,POINT (-117 33)
Tipai,POINT (-117.1 32.7)
Tipai,POINT (-116 32.7)
Kiliwa,POINT (-115 31.5)
Paipai,POINT (-115.8 31.5)
Central Carrier,POINT (-127 55)
Central Carrier,POINT (-122.7 53)
Chilcotin-Nicola,POINT (-125 51.7)
Shuswap,POINT (-120 51.3)
Lillooet,POINT (-122.5 50.3)
Thompson,POINT (-121.5 50.3)
Southern Okanogan,POINT (-119.5 48.8)
